date,fund,company,ticker,cusip,shares,"market value($)",weight(%)
2/10/2021,ARKW,"TESLA INC",TSLA,88160R101,914864.00,736300844.48,8.40
2/10/2021,ARKW,"GRAYSCALE BITCOIN TRUST BTC",GBTC,389637109,8182268.00,367792946.60,4.20
2/10/2021,ARKW,"TELADOC HEALTH INC",TDOC,87918A105,1245698.00,361788070.14,4.13
2/10/2021,ARKW,"SQUARE INC - A",SQ,852234103,1376288.00,354380397.12,4.04
2/10/2021,ARKW,"ROKU INC",ROKU,77543R102,719696.00,338034014.24,3.86
2/10/2021,ARKW,"SPOTIFY TECHNOLOGY SA",SPOT,L8681T102,835626.00,280528004.46,3.20
2/10/2021,ARKW,"SHOPIFY INC - CLASS A",SHOP,82509L107,177582.00,259699468.44,2.96
2/10/2021,ARKW,"TENCENT HOLDINGS LTD-UNS ADR",TCEHY,88032Q109,2632463.00,257323258.25,2.94
2/10/2021,ARKW,"AGORA INC-ADR",API,00851L103,2384475.00,222876878.25,2.54
2/10/2021,ARKW,"NETFLIX INC",NFLX,64110L106,365672.00,206089082.48,2.35
2/10/2021,ARKW,"OPENDOOR TECHNOLOGIES INC",OPEN,683712103,5829337.00,198197458.00,2.26
2/10/2021,ARKW,"PAYPAL HOLDINGS INC",PYPL,70450Y103,651049.00,184364055.82,2.10
2/10/2021,ARKW,"TWILIO INC - A",TWLO,90138F102,410363.00,177810287.90,2.03
2/10/2021,ARKW,"TWITTER INC",TWTR,90184L102,2603420.00,176433773.40,2.01
2/10/2021,ARKW,"ZOOM VIDEO COMMUNICATIONS-A",ZM,98980L101,406665.00,175272615.00,2.00
2/10/2021,ARKW,"ZILLOW GROUP INC - C",Z,98954M200,1045139.00,172134393.30,1.96
2/10/2021,ARKW,"PURE STORAGE INC - CLASS A",PSTG,74624M102,6095078.00,168833660.60,1.93
2/10/2021,ARKW,"FACEBOOK INC-CLASS A",FB,30303M102,612019.00,166389605.53,1.90
2/10/2021,ARKW,"NVIDIA CORP",NVDA,67066G104,277896.00,164117040.72,1.87
2/10/2021,ARKW,"FASTLY INC - CLASS A",FSLY,31188V100,1471815.00,161178460.65,1.84
2/10/2021,ARKW,"INTERCONTINENTAL EXCHANGE IN",ICE,45866F104,1431573.00,159849441.18,1.82
2/10/2021,ARKW,"SEA LTD-ADR",SE,81141R100,583267.00,158047858.99,1.80
2/10/2021,ARKW,"BAIDU INC - SPON ADR",BIDU,056752108,500356.00,152133241.80,1.74
2/10/2021,ARKW,"DOCUSIGN INC",DOCU,256163106,534043.00,136314475.75,1.56
2/10/2021,ARKW,"SNAP INC - A",SNAP,83304A106,2110510.00,132117926.00,1.51
2/10/2021,ARKW,"UNITY SOFTWARE INC",U,91332U101,1031271.00,131641743.15,1.50
2/10/2021,ARKW,"KE HOLDINGS INC",BEKE,482497104,1830592.00,126219318.40,1.44
2/10/2021,ARKW,"VERACYTE INC",VCYT,92337F107,1645791.00,125804264.04,1.44
2/10/2021,ARKW,"HUYA INC-ADR",HUYA,44852D108,4490417.00,124923400.94,1.43
2/10/2021,ARKW,"PAGERDUTY INC",PD,69553P100,2226551.00,123217332.34,1.41
2/10/2021,ARKW,"LENDINGTREE INC","TREE UW",52603B107,354957.00,122740581.03,1.40
2/10/2021,ARKW,"PELOTON INTERACTIVE INC-A",PTON,70614W100,702776.00,101930631.04,1.16
2/10/2021,ARKW,"ALIBABA GROUP HOLDING-SP ADR",BABA,01609W102,380420.00,101872671.80,1.16
2/10/2021,ARKW,"SALESFORCE.COM INC",CRM,79466L302,404304.00,95706842.88,1.09
2/10/2021,ARKW,"TRADE DESK INC/THE -CLASS A",TTD,88339J105,108816.00,93790686.72,1.07
2/10/2021,ARKW,"ADYEN NV-UNSPON ADR",ADYEY,00783V104,1838361.00,93572574.90,1.07
2/10/2021,ARKW,"PINTEREST INC- CLASS A",PINS,72352L106,1138152.00,92326890.24,1.05
2/10/2021,ARKW,"MERCADOLIBRE INC",MELI,58733R102,47747.00,90970926.69,1.04
2/10/2021,ARKW,"2U INC",TWOU,90214J101,1882940.00,90682390.40,1.03
2/10/2021,ARKW,"NINTENDO CO LTD-UNSPONS ADR",NTDOY,654445303,1155192.00,88834264.80,1.01
2/10/2021,ARKW,"ADOBE INC",ADBE,00724F101,177664.00,87529722.88,1.00
2/10/2021,ARKW,"CLOUDFLARE INC - CLASS A",NET,18915M107,967621.00,87966425.11,1.00
2/10/2021,ARKW,"JD.COM INC-ADR",JD,47215P106,885180.00,87429228.60,1.00
2/10/2021,ARKW,"DRAFTKINGS INC - CL A",DKNG,26142R104,1401260.00,87873014.60,1.00
2/10/2021,ARKW,"TAIWAN SEMICONDUCTOR-SP ADR",TSM,874039100,650453.00,86959061.57,0.99
2/10/2021,ARKW,"SILVERGATE CAPITAL CORP-CL A",SI,82837P408,592544.00,85344112.32,0.97
2/10/2021,ARKW,"PALANTIR TECHNOLOGIES INC-A",PLTR,69608A108,2368905.00,84569908.50,0.96
2/10/2021,ARKW,"SYNOPSYS INC",SNPS,871607107,299166.00,82830090.42,0.94
2/10/2021,ARKW,"HUBSPOT INC",HUBS,443573100,191209.00,80967451.05,0.92
2/10/2021,ARKW,"CROWDSTRIKE HOLDINGS INC - A",CRWD,22788C105,343039.00,79362072.65,0.91
2/10/2021,ARKW,"APPLE INC",AAPL,037833100,564297.00,76400170.83,0.87
2/10/2021,ARKW,"NANO DIMENSION LTD - ADR",NNDM,63008G203,4831776.00,75713929.92,0.86
2/10/2021,ARKW,"ATLASSIAN CORP PLC-CLASS A",TEAM,G06242104,292841.00,73930638.86,0.84
2/10/2021,ARKW,"OKTA INC",OKTA,679295105,244063.00,69924049.50,0.80
2/10/2021,ARKW,"LENDINGCLUB CORP",LC,52603A208,4605038.00,59082637.54,0.67
2/10/2021,ARKW,"SKILLZ INC",SKLZ,83067L109,1442644.00,57878877.28,0.66
2/10/2021,ARKW,"MORGAN STANLEY GOVT INSTL 8035",,X9USDMORS,28766753.39,28766753.39,0.33
,,,,,,,
,,,,,,,
"The principal risks of investing in ARK ETFs include equity, market, management and non-diversification risks, as well as fluctuations in market value and net asset value ('NAV'). Investors should carefully consider the investment objectives and risks as well as charges and expenses of an ETF before investing. This and other information are contained in each ETF's prospectus, which may be obtained by contacting the ETF's transfer agent The Bank of New York Mellon or by clicking here. Please read the prospectus carefully before you invest. The market price of ETF shares may differ significantly from their NAV during periods of market volatility. ETF shares may only be redeemed directly with the ETF at NAV by Authorized Participants, in very large creation units. Holdings are subject to change without notice and are not a recommendation to buy or sell any security. There can be no guarantee that an active trading market for ETF shares will develop or be maintained, or that their listing will continue or remain unchanged. Buying or selling ETF shares on an exchange may require the payment of brokerage commissions and frequent trading may incur brokerage costs that detract significantly from investment returns. Copyright 2021, ARK Investment Management LLC. All content is original and has been researched and produced by ARK Investment Management LLC unless otherwise stated. No part of this content may be reproduced in any form, or referred to in any other publication, without the express written permission of ARK Investment Management LLC. All statements made regarding companies, securities or other financial information on this site or any sites or articles relating to ARK Investment Management LLC are strictly beliefs and points of view held by ARK Investment Management and are subject to change without notice. Information contained herein has been obtained from sources believed to be reliable, but not guaranteed. This material has been distributed for informational purposes only and should not be considered as investment advice or a recommendation of any particular security, strategy or investment product.",,,,,,
