date,fund,company,ticker,cusip,shares,"market value($)",weight(%)
2/8/2021,ARKW,"TESLA INC",TSLA,88160R101,882496.00,761964696.32,9.15
2/8/2021,ARKW,"GRAYSCALE BITCOIN TRUST BTC",GBTC,389637109,7892749.00,360619701.81,4.33
2/8/2021,ARKW,"TELADOC HEALTH INC",TDOC,87918A105,1201625.00,353926627.50,4.25
2/8/2021,ARKW,"SQUARE INC - A",SQ,852234103,1327600.00,345136172.00,4.15
2/8/2021,ARKW,"ROKU INC",ROKU,77543R102,694230.00,301733184.90,3.63
2/8/2021,ARKW,"TENCENT HOLDINGS LTD-UNS ADR",TCEHY,88032Q109,2770431.00,263467988.10,3.17
2/8/2021,ARKW,"SPOTIFY TECHNOLOGY SA",SPOT,L8681T102,806046.00,260989634.34,3.14
2/8/2021,ARKW,"AGORA INC-ADR",API,00851L103,2415742.00,238482050.24,2.87
2/8/2021,ARKW,"NETFLIX INC",NFLX,64110L106,352743.00,193274944.56,2.32
2/8/2021,ARKW,"PAYPAL HOLDINGS INC",PYPL,70450Y103,627997.00,177201913.49,2.13
2/8/2021,ARKW,"SHOPIFY INC - CLASS A",SHOP,82509L107,131817.00,177305728.53,2.13
2/8/2021,ARKW,"PURE STORAGE INC - CLASS A",PSTG,74624M102,6095078.00,168285103.58,2.02
2/8/2021,ARKW,"ZILLOW GROUP INC - C",Z,98954M200,1008147.00,164600160.69,1.98
2/8/2021,ARKW,"SEA LTD-ADR",SE,81141R100,616636.00,162458920.56,1.95
2/8/2021,ARKW,"ZOOM VIDEO COMMUNICATIONS-A",ZM,98980L101,392283.00,161153779.23,1.94
2/8/2021,ARKW,"FASTLY INC - CLASS A",FSLY,31188V100,1419727.00,158512519.55,1.90
2/8/2021,ARKW,"TWILIO INC - A",TWLO,90138F102,395845.00,158144035.95,1.90
2/8/2021,ARKW,"FACEBOOK INC-CLASS A",FB,30303M102,590361.00,157378435.38,1.89
2/8/2021,ARKW,"INTERCONTINENTAL EXCHANGE IN",ICE,45866F104,1380913.00,156678388.98,1.88
2/8/2021,ARKW,"NVIDIA CORP",NVDA,67066G104,268070.00,154823828.50,1.86
2/8/2021,ARKW,"OPENDOOR TECHNOLOGIES INC",OPEN,683712103,5623050.00,153509265.00,1.84
2/8/2021,ARKW,"BAIDU INC - SPON ADR",BIDU,056752108,482642.00,133498777.20,1.60
2/8/2021,ARKW,"SNAP INC - A",SNAP,83304A106,2035837.00,129845683.86,1.56
2/8/2021,ARKW,"DOCUSIGN INC",DOCU,256163106,515139.00,128218097.10,1.54
2/8/2021,ARKW,"VERACYTE INC",VCYT,92337F107,1645791.00,127170270.57,1.53
2/8/2021,ARKW,"PAGERDUTY INC",PD,69553P100,2226551.00,124887245.59,1.50
2/8/2021,ARKW,"LENDINGTREE INC","TREE UW",52603B107,354957.00,124376932.80,1.49
2/8/2021,ARKW,"UNITY SOFTWARE INC",U,91332U101,994789.00,124239198.21,1.49
2/8/2021,ARKW,"TWITTER INC",TWTR,90184L102,2032741.00,118305526.20,1.42
2/8/2021,ARKW,"PINTEREST INC- CLASS A",PINS,72352L106,1439415.00,114879711.15,1.38
2/8/2021,ARKW,"HUYA INC-ADR",HUYA,44852D108,4490417.00,110015216.50,1.32
2/8/2021,ARKW,"KE HOLDINGS INC",BEKE,482497104,1765822.00,109834128.40,1.32
2/8/2021,ARKW,"PELOTON INTERACTIVE INC-A",PTON,70614W100,677922.00,98291910.78,1.18
2/8/2021,ARKW,"ALIBABA GROUP HOLDING-SP ADR",BABA,01609W102,366956.00,96358976.04,1.16
2/8/2021,ARKW,"SALESFORCE.COM INC",CRM,79466L302,389990.00,93180310.70,1.12
2/8/2021,ARKW,"TRADE DESK INC/THE -CLASS A",TTD,88339J105,104974.00,89470389.94,1.07
2/8/2021,ARKW,"MERCADOLIBRE INC",MELI,58733R102,46047.00,87530281.83,1.05
2/8/2021,ARKW,"2U INC",TWOU,90214J101,1882940.00,87500221.80,1.05
2/8/2021,ARKW,"ADOBE INC",ADBE,00724F101,171374.00,84617626.24,1.02
2/8/2021,ARKW,"CLOUDFLARE INC - CLASS A",NET,18915M107,933383.00,85059192.79,1.02
2/8/2021,ARKW,"NINTENDO CO LTD-UNSPONS ADR",NTDOY,654445303,1114324.00,84131462.00,1.01
2/8/2021,ARKW,"TAIWAN SEMICONDUCTOR-SP ADR",TSM,874039100,627435.00,83166509.25,1.00
2/8/2021,ARKW,"PALANTIR TECHNOLOGIES INC-A",PLTR,69608A108,2285095.00,82377674.75,0.99
2/8/2021,ARKW,"SILVERGATE CAPITAL CORP-CL A",SI,82837P408,571566.00,82282641.36,0.99
2/8/2021,ARKW,"ADYEN NV-UNSPON ADR",ADYEY,00783V104,1773319.00,81288942.96,0.98
2/8/2021,ARKW,"JD.COM INC-ADR",JD,47215P106,853866.00,80750107.62,0.97
2/8/2021,ARKW,"SYNOPSYS INC",SNPS,871607107,288592.00,79789916.16,0.96
2/8/2021,ARKW,"HUBSPOT INC",HUBS,443573100,184443.00,77279772.57,0.93
2/8/2021,ARKW,"NANO DIMENSION LTD - ADR",NNDM,63008G203,4660790.00,74759071.60,0.90
2/8/2021,ARKW,"APPLE INC",AAPL,037833100,544339.00,74525452.49,0.90
2/8/2021,ARKW,"CROWDSTRIKE HOLDINGS INC - A",CRWD,22788C105,330901.00,73579146.36,0.88
2/8/2021,ARKW,"ATLASSIAN CORP PLC-CLASS A",TEAM,G06242104,282471.00,69030262.98,0.83
2/8/2021,ARKW,"OKTA INC",OKTA,679295105,235427.00,66190301.05,0.80
2/8/2021,ARKW,"LENDINGCLUB CORP",LC,52603A208,4605038.00,62812718.32,0.75
2/8/2021,ARKW,"SKILLZ INC",SKLZ,83067L109,1391610.00,59560908.00,0.72
2/8/2021,ARKW,"DRAFTKINGS INC - CL A",DKNG,26142R104,912445.00,56544216.65,0.68
2/8/2021,ARKW,"MORGAN STANLEY GOVT INSTL 8035",,X9USDMORS,37899947.40,37899947.40,0.46
,,,,,,,
,,,,,,,
"The principal risks of investing in ARK ETFs include equity, market, management and non-diversification risks, as well as fluctuations in market value and net asset value ('NAV'). Investors should carefully consider the investment objectives and risks as well as charges and expenses of an ETF before investing. This and other information are contained in each ETF's prospectus, which may be obtained by contacting the ETF's transfer agent The Bank of New York Mellon or by clicking here. Please read the prospectus carefully before you invest. The market price of ETF shares may differ significantly from their NAV during periods of market volatility. ETF shares may only be redeemed directly with the ETF at NAV by Authorized Participants, in very large creation units. Holdings are subject to change without notice and are not a recommendation to buy or sell any security. There can be no guarantee that an active trading market for ETF shares will develop or be maintained, or that their listing will continue or remain unchanged. Buying or selling ETF shares on an exchange may require the payment of brokerage commissions and frequent trading may incur brokerage costs that detract significantly from investment returns. Copyright 2021, ARK Investment Management LLC. All content is original and has been researched and produced by ARK Investment Management LLC unless otherwise stated. No part of this content may be reproduced in any form, or referred to in any other publication, without the express written permission of ARK Investment Management LLC. All statements made regarding companies, securities or other financial information on this site or any sites or articles relating to ARK Investment Management LLC are strictly beliefs and points of view held by ARK Investment Management and are subject to change without notice. Information contained herein has been obtained from sources believed to be reliable, but not guaranteed. This material has been distributed for informational purposes only and should not be considered as investment advice or a recommendation of any particular security, strategy or investment product.",,,,,,
