date,fund,company,ticker,cusip,shares,"market value($)",weight(%)
2/3/2021,ARKW,"TESLA INC",TSLA,88160R101,828232.00,707881608.08,9.51
2/3/2021,ARKW,"TELADOC HEALTH INC",TDOC,87918A105,1127753.00,306083441.73,4.11
2/3/2021,ARKW,"SQUARE INC - A",SQ,852234103,1245976.00,284007769.44,3.82
2/3/2021,ARKW,"GRAYSCALE BITCOIN TRUST BTC",GBTC,389637109,7407394.00,281925415.64,3.79
2/3/2021,ARKW,"ROKU INC",ROKU,77543R102,651537.00,276948832.59,3.72
2/3/2021,ARKW,"TENCENT HOLDINGS LTD-UNS ADR",TCEHY,88032Q109,2784031.00,261698914.00,3.52
2/3/2021,ARKW,"SPOTIFY TECHNOLOGY SA",SPOT,L8681T102,756470.00,239990107.50,3.23
2/3/2021,ARKW,"AGORA INC-ADR",API,00851L103,2532762.00,229898806.74,3.09
2/3/2021,ARKW,"NETFLIX INC",NFLX,64110L106,331083.00,178602724.35,2.40
2/3/2021,ARKW,"PURE STORAGE INC - CLASS A",PSTG,74624M102,6275152.00,166981794.72,2.24
2/3/2021,ARKW,"SEA LTD-ADR",SE,81141R100,674261.00,164209523.94,2.21
2/3/2021,ARKW,"INTERCONTINENTAL EXCHANGE IN",ICE,45866F104,1295983.00,149426839.90,2.01
2/3/2021,ARKW,"PAYPAL HOLDINGS INC",PYPL,70450Y103,589408.00,148471875.20,2.00
2/3/2021,ARKW,"FACEBOOK INC-CLASS A",FB,30303M102,554052.00,147737965.80,1.99
2/3/2021,ARKW,"FASTLY INC - CLASS A",FSLY,31188V100,1332403.00,146337821.49,1.97
2/3/2021,ARKW,"TWILIO INC - A",TWLO,90138F102,371506.00,144701587.00,1.94
2/3/2021,ARKW,"ZOOM VIDEO COMMUNICATIONS-A",ZM,98980L101,368172.00,140078400.84,1.88
2/3/2021,ARKW,"SHOPIFY INC - CLASS A",SHOP,82509L107,112164.00,137306682.24,1.85
2/3/2021,ARKW,"ZILLOW GROUP INC - C",Z,98954M200,946131.00,136990307.49,1.84
2/3/2021,ARKW,"NVIDIA CORP",NVDA,67066G104,251597.00,136169328.34,1.83
2/3/2021,ARKW,"PINTEREST INC- CLASS A",PINS,72352L106,1659859.00,128041523.26,1.72
2/3/2021,ARKW,"VERACYTE INC",VCYT,92337F107,1645791.00,121442917.89,1.63
2/3/2021,ARKW,"OPENDOOR TECHNOLOGIES INC",OPEN,683712103,4244573.00,121437233.53,1.63
2/3/2021,ARKW,"HUYA INC-ADR",HUYA,44852D108,4710087.00,119400705.45,1.60
2/3/2021,ARKW,"LENDINGTREE INC","TREE UW",52603B107,354957.00,118949640.27,1.60
2/3/2021,ARKW,"PAGERDUTY INC",PD,69553P100,2226551.00,118407982.18,1.59
2/3/2021,ARKW,"DOCUSIGN INC",DOCU,256163106,483447.00,114494753.01,1.54
2/3/2021,ARKW,"BAIDU INC - SPON ADR",BIDU,056752108,452945.00,113816019.60,1.53
2/3/2021,ARKW,"SNAP INC - A",SNAP,83304A106,1910634.00,113224170.84,1.52
2/3/2021,ARKW,"KE HOLDINGS INC",BEKE,482497104,1657237.00,104505365.22,1.40
2/3/2021,ARKW,"ALIBABA GROUP HOLDING-SP ADR",BABA,01609W102,344384.00,90721077.12,1.22
2/3/2021,ARKW,"UNITY SOFTWARE INC",U,91332U101,581753.00,86291422.49,1.16
2/3/2021,ARKW,"2U INC",TWOU,90214J101,1882940.00,86483434.20,1.16
2/3/2021,ARKW,"SALESFORCE.COM INC",CRM,79466L302,365993.00,85942476.26,1.15
2/3/2021,ARKW,"TRADE DESK INC/THE -CLASS A",TTD,88339J105,98533.00,82683966.95,1.11
2/3/2021,ARKW,"TWITTER INC",TWTR,90184L102,1498372.00,81781143.76,1.10
2/3/2021,ARKW,"MERCADOLIBRE INC",MELI,58733R102,43197.00,80800852.44,1.09
2/3/2021,ARKW,"PELOTON INTERACTIVE INC-A",PTON,70614W100,533123.00,78459711.91,1.05
2/3/2021,ARKW,"ADOBE INC",ADBE,00724F101,160829.00,77506711.68,1.04
2/3/2021,ARKW,"NINTENDO CO LTD-UNSPONS ADR",NTDOY,654445303,1045810.00,77389940.00,1.04
2/3/2021,ARKW,"JD.COM INC-ADR",JD,47215P106,801369.00,76530739.50,1.03
2/3/2021,ARKW,"TAIWAN SEMICONDUCTOR-SP ADR",TSM,874039100,588846.00,75077865.00,1.01
2/3/2021,ARKW,"ADYEN NV-UNSPON ADR",ADYEY,00783V104,1664278.00,73893943.20,0.99
2/3/2021,ARKW,"SYNOPSYS INC",SNPS,871607107,270865.00,71836106.65,0.97
2/3/2021,ARKW,"CLOUDFLARE INC - CLASS A",NET,18915M107,875984.00,72128522.56,0.97
2/3/2021,ARKW,"APPLE INC",AAPL,037833100,510880.00,68427267.20,0.92
2/3/2021,ARKW,"HUBSPOT INC",HUBS,443573100,173100.00,68516442.00,0.92
2/3/2021,ARKW,"PALANTIR TECHNOLOGIES INC-A",PLTR,69608A108,2144590.00,68112178.40,0.92
2/3/2021,ARKW,"CROWDSTRIKE HOLDINGS INC - A",CRWD,22788C105,310552.00,67737602.24,0.91
2/3/2021,ARKW,"NANO DIMENSION LTD - ADR",NNDM,63008G203,4374168.00,67668378.96,0.91
2/3/2021,ARKW,"ATLASSIAN CORP PLC-CLASS A",TEAM,G06242104,265086.00,64678333.14,0.87
2/3/2021,ARKW,"OKTA INC",OKTA,679295105,220949.00,61037161.25,0.82
2/3/2021,ARKW,"LENDINGCLUB CORP",LC,52603A208,4605038.00,58852385.64,0.79
2/3/2021,ARKW,"SILVERGATE CAPITAL CORP-CL A",SI,82837P408,536397.00,58740835.47,0.79
2/3/2021,ARKW,"SKILLZ INC",SKLZ,83067L109,1305996.00,40838494.92,0.55
2/3/2021,ARKW,"DRAFTKINGS INC - CL A",DKNG,26142R104,640936.00,38526662.96,0.52
2/3/2021,ARKW,"MORGAN STANLEY GOVT INSTL 8035",,X9USDMORS,21281236.97,21281236.97,0.29
,,,,,,,
,,,,,,,
"The principal risks of investing in ARK ETFs include equity, market, management and non-diversification risks, as well as fluctuations in market value and net asset value ('NAV'). Investors should carefully consider the investment objectives and risks as well as charges and expenses of an ETF before investing. This and other information are contained in each ETF's prospectus, which may be obtained by contacting the ETF's transfer agent The Bank of New York Mellon or by clicking here. Please read the prospectus carefully before you invest. The market price of ETF shares may differ significantly from their NAV during periods of market volatility. ETF shares may only be redeemed directly with the ETF at NAV by Authorized Participants, in very large creation units. Holdings are subject to change without notice and are not a recommendation to buy or sell any security. There can be no guarantee that an active trading market for ETF shares will develop or be maintained, or that their listing will continue or remain unchanged. Buying or selling ETF shares on an exchange may require the payment of brokerage commissions and frequent trading may incur brokerage costs that detract significantly from investment returns. Copyright 2021, ARK Investment Management LLC. All content is original and has been researched and produced by ARK Investment Management LLC unless otherwise stated. No part of this content may be reproduced in any form, or referred to in any other publication, without the express written permission of ARK Investment Management LLC. All statements made regarding companies, securities or other financial information on this site or any sites or articles relating to ARK Investment Management LLC are strictly beliefs and points of view held by ARK Investment Management and are subject to change without notice. Information contained herein has been obtained from sources believed to be reliable, but not guaranteed. This material has been distributed for informational purposes only and should not be considered as investment advice or a recommendation of any particular security, strategy or investment product.",,,,,,
