date,fund,company,ticker,cusip,shares,"market value($)",weight(%)
1/6/2021,PRNT,"3D SYSTEMS CORP",DDD,88554D205,818772.00,9202997.28,6.84
1/6/2021,PRNT,"SLM SOLUTIONS GROUP AG",AM3D,BMHTHK2,424298.00,8512942.05,6.33
1/6/2021,PRNT,"HP INC",HPQ,40434L105,281788.00,7033428.48,5.23
1/6/2021,PRNT,"STRATASYS LTD",SSYS,M85548101,329503.00,6932743.12,5.16
1/6/2021,PRNT,"MATERIALISE NV-ADR",MTLS,57667T100,113322.00,6681465.12,4.97
1/6/2021,PRNT,"PTC INC",PTC,69370C100,53804.00,6402676.00,4.76
1/6/2021,PRNT,"TRIMBLE INC",TRMB,896239100,90432.00,6186453.12,4.60
1/6/2021,PRNT,"PROTO LABS INC",PRLB,743713109,37930.00,6148832.30,4.57
1/6/2021,PRNT,"ALTAIR ENGINEERING INC - A",ALTR,021369103,102744.00,6138954.00,4.56
1/6/2021,PRNT,"RENISHAW PLC",RSW,0732358,73622.00,5988013.53,4.45
1/6/2021,PRNT,"STRAUMANN HOLDING AG-REG",STMN,7156832,5112.00,5942765.45,4.42
1/6/2021,PRNT,"MGI DIGITAL GRAPHIC TECHNOLO",ALMDG,B18FJV7,99824.00,5843632.15,4.35
1/6/2021,PRNT,"AUTODESK INC",ADSK,052769106,18478.00,5596431.86,4.16
1/6/2021,PRNT,"DASSAULT SYSTEMES SE",DSY,5330047,25529.00,5151923.48,3.83
1/6/2021,PRNT,"ANSYS INC",ANSS,03662Q105,13457.00,4708604.30,3.50
1/6/2021,PRNT,"EXONE CO/THE",XONE,302104104,445696.00,4572840.96,3.40
1/6/2021,PRNT,"MICROSOFT CORP",MSFT,594918104,21490.00,4561252.50,3.39
1/6/2021,PRNT,"ALIGN TECHNOLOGY INC",ALGN,016255101,4066.00,2197225.74,1.63
1/6/2021,PRNT,"HEXAGON AB-B SHS",HEXAB,B1XFTL2,18090.00,1657237.74,1.23
1/6/2021,PRNT,"KAISER ALUMINUM CORP",KALU,483007704,14970.00,1641610.20,1.22
1/6/2021,PRNT,"AMETEK INC",AME,031100100,12621.00,1568159.25,1.17
1/6/2021,PRNT,"FARO TECHNOLOGIES INC",FARO,311642102,21492.00,1565692.20,1.16
1/6/2021,PRNT,"GENERAL ELECTRIC CO",GE,369604103,135928.00,1544142.08,1.15
1/6/2021,PRNT,"ULTRA CLEAN HOLDINGS INC",UCTT,90385V107,39220.00,1439374.00,1.07
1/6/2021,PRNT,"OC OERLIKON CORP AG-REG",OERL,4612757,122093.00,1287346.82,0.96
1/6/2021,PRNT,"BERTRANDT AG",BDT,5130861,25157.00,1286652.41,0.96
1/6/2021,PRNT,"AEROJET ROCKETDYNE HOLDINGS",AJRD,007800105,24044.00,1272408.48,0.95
1/6/2021,PRNT,"ARCONIC CORP",ARNC,03966V107,41618.00,1253117.98,0.93
1/6/2021,PRNT,"MOOG INC-CLASS A",MOG/A,615394202,14586.00,1199115.06,0.89
1/6/2021,PRNT,"LINCOLN ELECTRIC HOLDINGS",LECO,533900106,9506.00,1146993.96,0.85
1/6/2021,PRNT,"MICHELIN (CGDE)",ML,4588364,8850.00,1128309.01,0.84
1/6/2021,PRNT,"SIEMENS AG-REG",SIE,5727973,7358.00,1105214.36,0.82
1/6/2021,PRNT,"NUVASIVE INC",NUVA,670704105,17875.00,1070533.75,0.80
1/6/2021,PRNT,"MEDTRONIC PLC","MDT UN",G5960L103,8819.00,1048226.34,0.78
1/6/2021,PRNT,"STRYKER CORP",SYK,863667101,4247.00,1029685.15,0.77
1/6/2021,PRNT,"UNITED PARCEL SERVICE-CL B",UPS,911312106,5536.00,891517.44,0.66
1/6/2021,PRNT,"MORGAN STANLEY GOVT INSTL 8035",,X9USDMORS,714879.73,714879.73,0.53
1/6/2021,PRNT,"ALLEGHENY TECHNOLOGIES INC",ATI,01741R102,15429.00,288213.72,0.21
1/6/2021,PRNT,"CARPENTER TECHNOLOGY",CRS,144285103,7804.00,263697.16,0.20
1/6/2021,PRNT,"SGL CARBON SE",SGL,4818351,41875.00,218039.83,0.16
1/6/2021,PRNT,"HEXCEL CORP",HXL,428291108,3986.00,203086.70,0.15
1/6/2021,PRNT,"DUPONT DE NEMOURS INC",DD,26614N102,2427.00,188699.25,0.14
1/6/2021,PRNT,"SANDVIK AB",SAND,B1VQ252,7402.00,182879.44,0.14
1/6/2021,PRNT,"VOESTALPINE AG",VOE,4943402,5126.00,192678.27,0.14
1/6/2021,PRNT,"EVONIK INDUSTRIES AG",EVK,B5ZQ9D3,5337.00,179496.11,0.13
1/6/2021,PRNT,"TORAY INDUSTRIES INC",3402,6897143,28708.00,170545.61,0.13
1/6/2021,PRNT,"EASTMAN CHEMICAL CO",EMN,277432100,1673.00,179195.03,0.13
1/6/2021,PRNT,"XEROX HOLDINGS CORP","XRX UN",98421M106,7200.00,167040.00,0.12
1/6/2021,PRNT,"3M CO",MMM,88579Y101,845.00,147190.55,0.11
1/6/2021,PRNT,"HENKEL AG & CO KGAA VORZUG",HEN3,5076705,1346.00,150355.48,0.11
1/6/2021,PRNT,ARKEMA,AKE,B0Z5YZ2,1294.00,151818.79,0.11
1/6/2021,PRNT,"KONINKLIJKE DSM NV",DSM,B0HZL93,843.00,145137.04,0.11
,,,,,,,
,,,,,,,
"The principal risks of investing in ARK ETFs include equity, market, management and non-diversification risks, as well as fluctuations in market value and net asset value ('NAV'). Investors should carefully consider the investment objectives and risks as well as charges and expenses of an ETF before investing. This and other information are contained in each ETF's prospectus, which may be obtained by contacting the ETF's transfer agent The Bank of New York Mellon or by clicking here. Please read the prospectus carefully before you invest. The market price of ETF shares may differ significantly from their NAV during periods of market volatility. ETF shares may only be redeemed directly with the ETF at NAV by Authorized Participants, in very large creation units. Holdings are subject to change without notice and are not a recommendation to buy or sell any security. There can be no guarantee that an active trading market for ETF shares will develop or be maintained, or that their listing will continue or remain unchanged. Buying or selling ETF shares on an exchange may require the payment of brokerage commissions and frequent trading may incur brokerage costs that detract significantly from investment returns. Copyright 2021, ARK Investment Management LLC. All content is original and has been researched and produced by ARK Investment Management LLC unless otherwise stated. No part of this content may be reproduced in any form, or referred to in any other publication, without the express written permission of ARK Investment Management LLC. All statements made regarding companies, securities or other financial information on this site or any sites or articles relating to ARK Investment Management LLC are strictly beliefs and points of view held by ARK Investment Management and are subject to change without notice. Information contained herein has been obtained from sources believed to be reliable, but not guaranteed. This material has been distributed for informational purposes only and should not be considered as investment advice or a recommendation of any particular security, strategy or investment product.",,,,,,
