date,fund,company,ticker,cusip,shares,"market value($)",weight(%)
2/9/2021,ARKQ,"TESLA INC",TSLA,88160R101,461275.00,391834661.50,10.13
2/9/2021,ARKQ,"BAIDU INC - SPON ADR",BIDU,056752108,634360.00,187161574.40,4.84
2/9/2021,ARKQ,"TRIMBLE INC",TRMB,896239100,2265029.00,169242966.88,4.38
2/9/2021,ARKQ,"MATERIALISE NV-ADR",MTLS,57667T100,2045445.00,164903775.90,4.26
2/9/2021,ARKQ,"DEERE & CO",DE,244199105,509863.00,160775099.79,4.16
2/9/2021,ARKQ,"JD.COM INC-ADR",JD,47215P106,1618852.00,157141963.64,4.06
2/9/2021,ARKQ,"KRATOS DEFENSE & SECURITY",KTOS,50077B207,4611907.00,151132192.39,3.91
2/9/2021,ARKQ,"ALPHABET INC-CL C",GOOG,02079K107,65214.00,135874021.14,3.51
2/9/2021,ARKQ,"TERADYNE INC",TER,880770102,1000008.00,128271026.16,3.32
2/9/2021,ARKQ,"NXP SEMICONDUCTORS NV",NXPI,N6596X109,624847.00,117496229.88,3.04
2/9/2021,ARKQ,"NANO DIMENSION LTD - ADR",NNDM,63008G203,6814743.00,113942502.96,2.95
2/9/2021,ARKQ,"TAIWAN SEMICONDUCTOR-SP ADR",TSM,874039100,768185.00,101922785.80,2.64
2/9/2021,ARKQ,"KOMATSU LTD -SPONS ADR",KMTUY,500458401,3339243.00,98841592.80,2.56
2/9/2021,ARKQ,"VIRGIN GALACTIC HOLDINGS INC",SPCE,92766K106,1701144.00,96488887.68,2.50
2/9/2021,ARKQ,"WORKHORSE GROUP INC",WKHS,98138J206,2372922.00,95367735.18,2.47
2/9/2021,ARKQ,"BYD CO LTD-UNSPONSORED ADR",BYDDY,05606L100,1391397.00,95129812.89,2.46
2/9/2021,ARKQ,"CATERPILLAR INC",CAT,149123101,469055.00,92535170.40,2.39
2/9/2021,ARKQ,"IRIDIUM COMMUNICATIONS INC",IRDM,46269C102,1918076.00,91127790.76,2.36
2/9/2021,ARKQ,"NVIDIA CORP",NVDA,67066G104,156258.00,89149876.74,2.31
2/9/2021,ARKQ,"AEROVIRONMENT INC",AVAV,008073108,610718.00,84242440.92,2.18
2/9/2021,ARKQ,"SYNOPSYS INC",SNPS,871607107,282510.00,78582981.60,2.03
2/9/2021,ARKQ,"STRATASYS LTD",SSYS,M85548101,1476289.00,78243317.00,2.02
2/9/2021,ARKQ,"LOCKHEED MARTIN CORP",LMT,539830109,219364.00,75097071.76,1.94
2/9/2021,ARKQ,"NIU TECHNOLOGIES-SPONS ADR",NIU,65481N100,1566365.00,68763423.50,1.78
2/9/2021,ARKQ,"EXONE CO/THE",XONE,302104104,997483.00,64337653.50,1.66
2/9/2021,ARKQ,"2U INC",TWOU,90214J101,1201373.00,56272311.32,1.46
2/9/2021,ARKQ,"PROTO LABS INC",PRLB,743713109,258782.00,56647379.80,1.46
2/9/2021,ARKQ,"MAGNA INTERNATIONAL INC",MGA,559222401,701760.00,53923238.40,1.39
2/9/2021,ARKQ,"TELEDYNE TECHNOLOGIES INC",TDY,879360105,133106.00,51864752.90,1.34
2/9/2021,ARKQ,"TENCENT HOLDINGS LTD-UNS ADR",TCEHY,88032Q109,493086.00,48218879.94,1.25
2/9/2021,ARKQ,"INTUITIVE SURGICAL INC",ISRG,46120E602,56693.00,44183689.55,1.14
2/9/2021,ARKQ,"ANSYS INC",ANSS,03662Q105,112571.00,43496308.69,1.12
2/9/2021,ARKQ,"XILINX INC",XLNX,983919101,289582.00,40787624.70,1.05
2/9/2021,ARKQ,"FLIR SYSTEMS INC",FLIR,302445101,723713.00,39630523.88,1.02
2/9/2021,ARKQ,"ROCKWELL AUTOMATION INC",ROK,773903109,157891.00,38923289.32,1.01
2/9/2021,ARKQ,"RAVEN INDUSTRIES INC",RAVN,754212108,1039468.00,38824129.80,1.00
2/9/2021,ARKQ,"ALIBABA GROUP HOLDING-SP ADR",BABA,01609W102,141739.00,37772026.11,0.98
2/9/2021,ARKQ,"ELBIT SYSTEMS LTD",ESLT,M3760D101,254208.00,36522063.36,0.94
2/9/2021,ARKQ,"AMAZON.COM INC",AMZN,023135106,11049.00,36516945.00,0.94
2/9/2021,ARKQ,"APPLE INC",AAPL,037833100,261266.00,35534788.66,0.92
2/9/2021,ARKQ,"PACCAR INC",PCAR,693718108,308714.00,30689258.74,0.79
2/9/2021,ARKQ,"AUTODESK INC",ADSK,052769106,97708.00,29752086.00,0.77
2/9/2021,ARKQ,"MORGAN STANLEY GOVT INSTL 8035",,X9USDMORS,26350058.69,26350058.69,0.68
2/9/2021,ARKQ,"EXPERIENCE INVESTMENT CORP-A",EXPC,30217C109,1046633.00,16683330.02,0.43
2/9/2021,ARKQ,"HONEYWELL INTERNATIONAL INC",HON,438516106,66120.00,13357562.40,0.35
2/9/2021,ARKQ,"ORGANOVO HOLDINGS INC","ONVO ",68620A203,197165.00,3345890.05,0.09
2/9/2021,ARKQ,"SPLUNK INC",SPLK,848637104,1162.00,200770.36,0.01
,,,,,,,
,,,,,,,
"The principal risks of investing in ARK ETFs include equity, market, management and non-diversification risks, as well as fluctuations in market value and net asset value ('NAV'). Investors should carefully consider the investment objectives and risks as well as charges and expenses of an ETF before investing. This and other information are contained in each ETF's prospectus, which may be obtained by contacting the ETF's transfer agent The Bank of New York Mellon or by clicking here. Please read the prospectus carefully before you invest. The market price of ETF shares may differ significantly from their NAV during periods of market volatility. ETF shares may only be redeemed directly with the ETF at NAV by Authorized Participants, in very large creation units. Holdings are subject to change without notice and are not a recommendation to buy or sell any security. There can be no guarantee that an active trading market for ETF shares will develop or be maintained, or that their listing will continue or remain unchanged. Buying or selling ETF shares on an exchange may require the payment of brokerage commissions and frequent trading may incur brokerage costs that detract significantly from investment returns. Copyright 2021, ARK Investment Management LLC. All content is original and has been researched and produced by ARK Investment Management LLC unless otherwise stated. No part of this content may be reproduced in any form, or referred to in any other publication, without the express written permission of ARK Investment Management LLC. All statements made regarding companies, securities or other financial information on this site or any sites or articles relating to ARK Investment Management LLC are strictly beliefs and points of view held by ARK Investment Management and are subject to change without notice. Information contained herein has been obtained from sources believed to be reliable, but not guaranteed. This material has been distributed for informational purposes only and should not be considered as investment advice or a recommendation of any particular security, strategy or investment product.",,,,,,
