date,fund,company,ticker,cusip,shares,"market value($)",weight(%)
2/5/2021,ARKQ,"TESLA INC",TSLA,88160R101,429045.00,365645020.35,10.45
2/5/2021,ARKQ,"BAIDU INC - SPON ADR",BIDU,056752108,590030.00,159384803.90,4.55
2/5/2021,ARKQ,"TRIMBLE INC",TRMB,896239100,2106739.00,152254027.53,4.35
2/5/2021,ARKQ,"DEERE & CO",DE,244199105,474223.00,146648720.52,4.19
2/5/2021,ARKQ,"JD.COM INC-ADR",JD,47215P106,1505717.00,145512490.88,4.16
2/5/2021,ARKQ,"MATERIALISE NV-ADR",MTLS,57667T100,2045445.00,145226595.00,4.15
2/5/2021,ARKQ,"ALPHABET INC-CL C",GOOG,02079K107,60649.00,127241602.00,3.64
2/5/2021,ARKQ,"KRATOS DEFENSE & SECURITY",KTOS,50077B207,4248022.00,124424564.38,3.55
2/5/2021,ARKQ,"TERADYNE INC",TER,880770102,930103.00,117304590.36,3.35
2/5/2021,ARKQ,"NANO DIMENSION LTD - ADR",NNDM,63008G203,7182363.00,107017208.70,3.06
2/5/2021,ARKQ,"NXP SEMICONDUCTORS NV",NXPI,N6596X109,581177.00,105768402.23,3.02
2/5/2021,ARKQ,"TAIWAN SEMICONDUCTOR-SP ADR",TSM,874039100,824847.00,105398949.66,3.01
2/5/2021,ARKQ,"VIRGIN GALACTIC HOLDINGS INC",SPCE,92766K106,1846548.00,100341418.32,2.87
2/5/2021,ARKQ,"IRIDIUM COMMUNICATIONS INC",IRDM,46269C102,1784041.00,96231171.54,2.75
2/5/2021,ARKQ,"WORKHORSE GROUP INC",WKHS,98138J206,2207097.00,89630209.17,2.56
2/5/2021,ARKQ,"KOMATSU LTD -SPONS ADR",KMTUY,500458401,2989374.00,84390028.02,2.41
2/5/2021,ARKQ,"CATERPILLAR INC",CAT,149123101,436275.00,84201075.00,2.41
2/5/2021,ARKQ,"BYD CO LTD-UNSPONSORED ADR",BYDDY,05606L100,1294157.00,84249620.70,2.41
2/5/2021,ARKQ,"STRATASYS LTD",SSYS,M85548101,1544348.00,79873678.56,2.28
2/5/2021,ARKQ,"NVIDIA CORP",NVDA,67066G104,145313.00,78997959.32,2.26
2/5/2021,ARKQ,"SYNOPSYS INC",SNPS,871607107,262765.00,71713823.80,2.05
2/5/2021,ARKQ,"AEROVIRONMENT INC",AVAV,008073108,573829.00,70391603.43,2.01
2/5/2021,ARKQ,"LOCKHEED MARTIN CORP",LMT,539830109,204019.00,68762563.76,1.96
2/5/2021,ARKQ,"NIU TECHNOLOGIES-SPONS ADR",NIU,65481N100,1456915.00,66784983.60,1.91
2/5/2021,ARKQ,"PROTO LABS INC",PRLB,743713109,258782.00,56041829.92,1.60
2/5/2021,ARKQ,"2U INC",TWOU,90214J101,1201373.00,55539473.79,1.59
2/5/2021,ARKQ,"MAGNA INTERNATIONAL INC",MGA,559222401,652700.00,49911969.00,1.43
2/5/2021,ARKQ,"TELEDYNE TECHNOLOGIES INC",TDY,879360105,123811.00,47687044.76,1.36
2/5/2021,ARKQ,"TENCENT HOLDINGS LTD-UNS ADR",TCEHY,88032Q109,458601.00,43750535.40,1.25
2/5/2021,ARKQ,"INTUITIVE SURGICAL INC",ISRG,46120E602,52733.00,40195729.25,1.15
2/5/2021,ARKQ,"EXONE CO/THE",XONE,302104104,997483.00,40038967.62,1.14
2/5/2021,ARKQ,"ANSYS INC",ANSS,03662Q105,104706.00,39733832.88,1.14
2/5/2021,ARKQ,"XILINX INC",XLNX,983919101,269342.00,36759796.16,1.05
2/5/2021,ARKQ,"FLIR SYSTEMS INC",FLIR,302445101,673113.00,36536573.64,1.04
2/5/2021,ARKQ,"ROCKWELL AUTOMATION INC",ROK,773903109,146836.00,35664996.04,1.02
2/5/2021,ARKQ,"RAVEN INDUSTRIES INC",RAVN,754212108,966813.00,34573232.88,0.99
2/5/2021,ARKQ,"AMAZON.COM INC",AMZN,023135106,10279.00,34456749.85,0.98
2/5/2021,ARKQ,"ELBIT SYSTEMS LTD",ESLT,M3760D101,236443.00,33461413.36,0.96
2/5/2021,ARKQ,"APPLE INC",AAPL,037833100,243006.00,33233500.56,0.95
2/5/2021,ARKQ,"MORGAN STANLEY GOVT INSTL 8035",,X9USDMORS,32577288.49,32577288.49,0.93
2/5/2021,ARKQ,"AUTODESK INC",ADSK,052769106,90888.00,27799003.68,0.79
2/5/2021,ARKQ,"PACCAR INC",PCAR,693718108,172085.00,16619969.30,0.47
2/5/2021,ARKQ,"EXPERIENCE INVESTMENT CORP-A",EXPC,30217C109,850703.00,12862629.36,0.37
2/5/2021,ARKQ,"HONEYWELL INTERNATIONAL INC",HON,438516106,61500.00,12479580.00,0.36
2/5/2021,ARKQ,"ORGANOVO HOLDINGS INC","ONVO ",68620A203,197165.00,2943673.45,0.08
2/5/2021,ARKQ,"SPLUNK INC",SPLK,848637104,1107.00,188455.68,0.01
,,,,,,,
,,,,,,,
"The principal risks of investing in ARK ETFs include equity, market, management and non-diversification risks, as well as fluctuations in market value and net asset value ('NAV'). Investors should carefully consider the investment objectives and risks as well as charges and expenses of an ETF before investing. This and other information are contained in each ETF's prospectus, which may be obtained by contacting the ETF's transfer agent The Bank of New York Mellon or by clicking here. Please read the prospectus carefully before you invest. The market price of ETF shares may differ significantly from their NAV during periods of market volatility. ETF shares may only be redeemed directly with the ETF at NAV by Authorized Participants, in very large creation units. Holdings are subject to change without notice and are not a recommendation to buy or sell any security. There can be no guarantee that an active trading market for ETF shares will develop or be maintained, or that their listing will continue or remain unchanged. Buying or selling ETF shares on an exchange may require the payment of brokerage commissions and frequent trading may incur brokerage costs that detract significantly from investment returns. Copyright 2021, ARK Investment Management LLC. All content is original and has been researched and produced by ARK Investment Management LLC unless otherwise stated. No part of this content may be reproduced in any form, or referred to in any other publication, without the express written permission of ARK Investment Management LLC. All statements made regarding companies, securities or other financial information on this site or any sites or articles relating to ARK Investment Management LLC are strictly beliefs and points of view held by ARK Investment Management and are subject to change without notice. Information contained herein has been obtained from sources believed to be reliable, but not guaranteed. This material has been distributed for informational purposes only and should not be considered as investment advice or a recommendation of any particular security, strategy or investment product.",,,,,,
