date,fund,company,ticker,cusip,shares,"market value($)",weight(%)
1/20/2021,IZRL,"STRATASYS LTD",SSYS,M85548101,185985.00,6779153.25,4.65
1/20/2021,IZRL,"CERAGON NETWORKS LTD",CRNT,M22013102,1109333.00,6045864.85,4.14
1/20/2021,IZRL,"GILAT SATELLITE NETWORKS LTD",GILT,M51474118,578369.00,5425101.22,3.72
1/20/2021,IZRL,"PERION NETWORK LTD",PERI,M78673114,372181.00,5173315.90,3.55
1/20/2021,IZRL,"FATTAL HOLDINGS 1998 LTD",FTAL,BG1YKN5,42925.00,4716931.84,3.23
1/20/2021,IZRL,"RADA ELECTRONIC INDS LTD",RADA,M81863124,427771.00,4611371.38,3.16
1/20/2021,IZRL,"GAMIDA CELL LTD",GMDA,M47364100,491393.00,4538014.36,3.11
1/20/2021,IZRL,"ONE SOFTWARE TECHNOLOGIES LT",ONE,6987709,35137.00,4519712.72,3.10
1/20/2021,IZRL,"TOWER SEMICONDUCTOR LTD",TSEM,M87915274,143559.00,4321125.90,2.96
1/20/2021,IZRL,"INMODE LTD",INMD,M5425M103,70247.00,4211307.65,2.89
1/20/2021,IZRL,"ALLOT LTD",ALLT,M0854Q105,279098.00,4186470.00,2.87
1/20/2021,IZRL,"CYBERARK SOFTWARE LTD/ISRAEL",CYBR,M2682V108,25358.00,4126507.34,2.83
1/20/2021,IZRL,"FIVERR INTERNATIONAL LTD",FVRR,M4R82T106,17174.00,4071783.66,2.79
1/20/2021,IZRL,"NOVA MEASURING INSTRUMENTS",NVMI,M7516K103,49275.00,3928203.00,2.69
1/20/2021,IZRL,"CAMTEK LTD",CAMT,M20791105,155276.00,3867925.16,2.65
1/20/2021,IZRL,"TEVA PHARMACEUTICAL-SP ADR",TEVA,881624209,305205.00,3717396.90,2.55
1/20/2021,IZRL,"DANEL (ADIR YEOSHUA) LTD",DANE,6253433,23177.00,3552696.97,2.43
1/20/2021,IZRL,"PARTNER COMMUNICATIONS CO",PTNR,6374420,714282.00,3500149.15,2.40
1/20/2021,IZRL,"TARO PHARMACEUTICAL INDUS",TARO,M8737E108,46395.00,3503750.40,2.40
1/20/2021,IZRL,"CELLCOM ISRAEL LTD",CEL,B23WQK8,719903.00,3472573.16,2.38
1/20/2021,IZRL,"SILICOM LTD",SILC,M84116108,75261.00,3462006.00,2.37
1/20/2021,IZRL,"ITURAN LOCATION AND CONTROL",ITRN,M6158M104,182652.00,3424725.00,2.35
1/20/2021,IZRL,"NICE LTD - SPON ADR",NICE,653656108,11980.00,3318460.00,2.27
1/20/2021,IZRL,"RADWARE LTD",RDWR,M81873107,115668.00,3279187.80,2.25
1/20/2021,IZRL,"ELBIT SYSTEMS LTD",ESLT,6308913,23799.00,3258090.13,2.23
1/20/2021,IZRL,"SAPIENS INTERNATIONAL CORP",SPNS,G7T16G103,92656.00,3204044.48,2.20
1/20/2021,IZRL,"HILAN LTD",HLAN,6267230,65004.00,3034044.26,2.08
1/20/2021,IZRL,"CHECK POINT SOFTWARE TECH",CHKP,M22465104,22223.00,2836099.26,1.94
1/20/2021,IZRL,"MATRIX IT LTD",MTRX,6747754,117925.00,2795759.54,1.92
1/20/2021,IZRL,"BATM ADVANCED COMMUNICATIONS",BATM,B85PTW0,1880860.00,2805319.27,1.92
1/20/2021,IZRL,"AUDIOCODES LTD",AUDC,M15342104,84980.00,2736356.00,1.88
1/20/2021,IZRL,"UROGEN PHARMA LTD","URGN UQ",M96088105,125112.00,2599827.36,1.78
1/20/2021,IZRL,"KAMADA LTD",KMDA,B0L2CR5,355324.00,2557344.69,1.75
1/20/2021,IZRL,"WIX.COM LTD",WIX,M98068105,9952.00,2504122.24,1.72
1/20/2021,IZRL,"AYALA PHARMACEUTICALS INC",AYLA,05465V108,178042.00,2465881.70,1.69
1/20/2021,IZRL,"POLYPID LTD",PYPD,M8001Q118,229689.00,2407140.72,1.65
1/20/2021,IZRL,"BEZEQ THE ISRAELI TELECOM CO",BEZQ,6098032,2337749.00,2402078.89,1.65
1/20/2021,IZRL,"COMPUGEN LTD",CGEN,M25722105,172215.00,2283570.90,1.57
1/20/2021,IZRL,"REDHILL BIOPHARMA LTD-SP ADR",RDHL,757468103,283382.00,2200461.23,1.51
1/20/2021,IZRL,"PLURISTEM THERAPEUTICS INC",PSTI,72940R300,274008.00,2161923.12,1.48
1/20/2021,IZRL,"ENLIVEX THERAPEUTICS LTD",ENLV,M4130Y106,51304.00,615648.00,0.42
1/20/2021,IZRL,"DARIOHEALTH CORP",DRIO,23725P209,27447.00,562389.03,0.39
1/20/2021,IZRL,"BIONDVAX PHARMACEUTICALS-ADR",BVXV,09073Q105,70784.00,299416.32,0.21
1/20/2021,IZRL,"KORNIT DIGITAL LTD",KRNT,M6372Q113,2831.00,280155.76,0.19
1/20/2021,IZRL,"MORGAN STANLEY GOVT INSTL 8035",,X9USDMORS,145011.86,145011.86,0.10
,,,,,,,
,,,,,,,
"The principal risks of investing in ARK ETFs include equity, market, management and non-diversification risks, as well as fluctuations in market value and net asset value ('NAV'). Investors should carefully consider the investment objectives and risks as well as charges and expenses of an ETF before investing. This and other information are contained in each ETF's prospectus, which may be obtained by contacting the ETF's transfer agent The Bank of New York Mellon or by clicking here. Please read the prospectus carefully before you invest. The market price of ETF shares may differ significantly from their NAV during periods of market volatility. ETF shares may only be redeemed directly with the ETF at NAV by Authorized Participants, in very large creation units. Holdings are subject to change without notice and are not a recommendation to buy or sell any security. There can be no guarantee that an active trading market for ETF shares will develop or be maintained, or that their listing will continue or remain unchanged. Buying or selling ETF shares on an exchange may require the payment of brokerage commissions and frequent trading may incur brokerage costs that detract significantly from investment returns. Copyright 2021, ARK Investment Management LLC. All content is original and has been researched and produced by ARK Investment Management LLC unless otherwise stated. No part of this content may be reproduced in any form, or referred to in any other publication, without the express written permission of ARK Investment Management LLC. All statements made regarding companies, securities or other financial information on this site or any sites or articles relating to ARK Investment Management LLC are strictly beliefs and points of view held by ARK Investment Management and are subject to change without notice. Information contained herein has been obtained from sources believed to be reliable, but not guaranteed. This material has been distributed for informational purposes only and should not be considered as investment advice or a recommendation of any particular security, strategy or investment product.",,,,,,
