date,fund,company,ticker,cusip,shares,"market value($)",weight(%)
1/29/2021,IZRL,"GILAT SATELLITE NETWORKS LTD",GILT,M51474118,368835.00,4212095.70,2.40
1/29/2021,IZRL,"STRATASYS LTD",SSYS,M85548101,100354.00,4165694.54,2.37
1/29/2021,IZRL,"INTERCURE LTD",INCR,B23SD94,2325938.00,4037410.46,2.30
1/29/2021,IZRL,"NANO-X IMAGING LTD",NNOX,M70700105,48018.00,3638804.04,2.07
1/29/2021,IZRL,"PERION NETWORK LTD",PERI,M78673114,245717.00,3567810.84,2.03
1/29/2021,IZRL,"ITURAN LOCATION AND CONTROL",ITRN,M6158M104,170025.00,3254278.50,1.85
1/29/2021,IZRL,"REDHILL BIOPHARMA LTD-SP ADR",RDHL,757468103,382480.00,3220481.60,1.83
1/29/2021,IZRL,"INMODE LTD",INMD,M5425M103,54526.00,3209400.36,1.83
1/29/2021,IZRL,"UROGEN PHARMA LTD","URGN UQ",M96088105,146011.00,3222462.77,1.83
1/29/2021,IZRL,"CYBERARK SOFTWARE LTD/ISRAEL",CYBR,M2682V108,19974.00,3200833.50,1.82
1/29/2021,IZRL,"ELBIT SYSTEMS LTD",ESLT,6308913,22876.00,3183656.49,1.81
1/29/2021,IZRL,"TARO PHARMACEUTICAL INDUS",TARO,M8737E108,41982.00,3137734.68,1.79
1/29/2021,IZRL,"RADA ELECTRONIC INDS LTD",RADA,M81863124,309482.00,3144337.12,1.79
1/29/2021,IZRL,"PARTNER COMMUNICATIONS CO",PTNR,6374420,648964.00,3120560.81,1.78
1/29/2021,IZRL,"RADWARE LTD",RDWR,M81873107,110480.00,3132108.00,1.78
1/29/2021,IZRL,"DANEL (ADIR YEOSHUA) LTD",DANE,6253433,20724.00,3111361.10,1.77
1/29/2021,IZRL,"TEVA PHARMACEUTICAL-SP ADR",TEVA,881624209,262505.00,3092308.90,1.76
1/29/2021,IZRL,"HILAN LTD",HLAN,6267230,66530.00,3069446.52,1.75
1/29/2021,IZRL,"CHECK POINT SOFTWARE TECH",CHKP,M22465104,24044.00,3071380.56,1.75
1/29/2021,IZRL,"ONE SOFTWARE TECHNOLOGIES LT",ONE,6987709,25777.00,3081857.69,1.75
1/29/2021,IZRL,"CAMTEK LTD",CAMT,M20791105,129681.00,3063065.22,1.74
1/29/2021,IZRL,"SILICOM LTD",SILC,M84116108,69400.00,3066092.00,1.74
1/29/2021,IZRL,"TOWER SEMICONDUCTOR LTD",TSEM,M87915274,108509.00,3034996.73,1.73
1/29/2021,IZRL,"NANO DIMENSION LTD - ADR",NNDM,63008G203,221910.00,3049043.40,1.73
1/29/2021,IZRL,"BEZEQ THE ISRAELI TELECOM CO",BEZQ,6098032,2928853.00,3015592.54,1.72
1/29/2021,IZRL,"FATTAL HOLDINGS 1998 LTD",FTAL,BG1YKN5,30484.00,3004072.30,1.71
1/29/2021,IZRL,"WIX.COM LTD",WIX,M98068105,12036.00,2973493.80,1.69
1/29/2021,IZRL,"SAPIENS INTERNATIONAL CORP",SPNS,G7T16G103,90708.00,2962523.28,1.69
1/29/2021,IZRL,"NICE LTD - SPON ADR",NICE,653656108,11324.00,2958734.72,1.68
1/29/2021,IZRL,"GAMIDA CELL LTD",GMDA,M47364100,366461.00,2957340.27,1.68
1/29/2021,IZRL,"ELECTRA CONSUMER PRODUCTS 19",ECP,B536CY7,74480.00,2896412.94,1.65
1/29/2021,IZRL,"CERAGON NETWORKS LTD",CRNT,M22013102,648207.00,2884521.15,1.64
1/29/2021,IZRL,"AUDIOCODES LTD",AUDC,M15342104,94910.00,2847300.00,1.62
1/29/2021,IZRL,"MATRIX IT LTD",MTRX,6747754,130263.00,2828397.99,1.61
1/29/2021,IZRL,"NOVA MEASURING INSTRUMENTS",NVMI,M7516K103,40399.00,2812982.37,1.60
1/29/2021,IZRL,"ALLOT LTD",ALLT,M0854Q105,218171.00,2816587.61,1.60
1/29/2021,IZRL,"KAMADA LTD",KMDA,B0L2CR5,423567.00,2811956.03,1.60
1/29/2021,IZRL,"BATM ADVANCED COMMUNICATIONS",BATM,B85PTW0,2062393.00,2798008.62,1.59
1/29/2021,IZRL,"FIVERR INTERNATIONAL LTD",FVRR,M4R82T106,13515.00,2790982.65,1.59
1/29/2021,IZRL,"DARIOHEALTH CORP",DRIO,23725P209,129293.00,2800486.38,1.59
1/29/2021,IZRL,"CELLCOM ISRAEL LTD",CEL,B23WQK8,658917.00,2745027.65,1.56
1/29/2021,IZRL,"ARAD LTD",ARD,B0G7VP6,185201.00,2716187.33,1.55
1/29/2021,IZRL,"JFROG LTD",FROG,M6191J100,43188.00,2697954.36,1.54
1/29/2021,IZRL,"POLYPID LTD",PYPD,M8001Q118,284729.00,2673605.31,1.52
1/29/2021,IZRL,"ENLIVEX THERAPEUTICS LTD",ENLV,M4130Y106,222331.00,2656855.45,1.51
1/29/2021,IZRL,"AUGWIND ENERGY TECH STORAGE",BIMCM,B290CJ7,92074.00,2659806.51,1.51
1/29/2021,IZRL,"COMPUGEN LTD",CGEN,M25722105,214935.00,2613609.60,1.49
1/29/2021,IZRL,"EVOGENE LTD",EVGN,B289530,399995.00,2599434.58,1.48
1/29/2021,IZRL,"MAGIC SOFTWARE ENTERPRISES",MGIC,6328074,155915.00,2592450.40,1.48
1/29/2021,IZRL,"SOLAREDGE TECHNOLOGIES INC",SEDG,83417M104,8880.00,2560370.40,1.46
1/29/2021,IZRL,"ITAMAR MEDICAL LTD",ITMR,B1VJHY5,3133769.00,2528964.70,1.44
1/29/2021,IZRL,"KORNIT DIGITAL LTD",KRNT,M6372Q113,27039.00,2450679.77,1.39
1/29/2021,IZRL,"HAMLET (ISRAEL-CANADA) LTD",HAML,6443858,130105.00,2417664.90,1.38
1/29/2021,IZRL,"PLURISTEM THERAPEUTICS INC",PSTI,72940R300,345902.00,2419584.49,1.38
1/29/2021,IZRL,"PLASSON INDUSTRIES LTD",PLSN,6094728,45570.00,2391080.62,1.36
1/29/2021,IZRL,"E & M COMPUTING",EMCO,6302216,323471.00,2344456.73,1.33
1/29/2021,IZRL,"MORGAN STANLEY GOVT INSTL 8035",,X9USDMORS,2299297.57,2299297.57,1.31
1/29/2021,IZRL,"BET SHEMESH ENGINES HOLDINGS",BSEN,6103936,100238.00,2175244.73,1.24
1/29/2021,IZRL,"MALAM - TEAM LTD",MLTM,6875923,7571.00,2034688.24,1.16
1/29/2021,IZRL,"ROBOGROUP T.E.K LTD",ROBO,6302722,731233.00,1619791.04,0.92
1/29/2021,IZRL,"AYALA PHARMACEUTICALS INC",AYLA,05465V108,96775.00,1267752.50,0.72
1/29/2021,IZRL,"BIONDVAX PHARMACEUTICALS-ADR",BVXV,09073Q105,9720.00,44226.00,0.03
,,,,,,,
,,,,,,,
"The principal risks of investing in ARK ETFs include equity, market, management and non-diversification risks, as well as fluctuations in market value and net asset value ('NAV'). Investors should carefully consider the investment objectives and risks as well as charges and expenses of an ETF before investing. This and other information are contained in each ETF's prospectus, which may be obtained by contacting the ETF's transfer agent The Bank of New York Mellon or by clicking here. Please read the prospectus carefully before you invest. The market price of ETF shares may differ significantly from their NAV during periods of market volatility. ETF shares may only be redeemed directly with the ETF at NAV by Authorized Participants, in very large creation units. Holdings are subject to change without notice and are not a recommendation to buy or sell any security. There can be no guarantee that an active trading market for ETF shares will develop or be maintained, or that their listing will continue or remain unchanged. Buying or selling ETF shares on an exchange may require the payment of brokerage commissions and frequent trading may incur brokerage costs that detract significantly from investment returns. Copyright 2021, ARK Investment Management LLC. All content is original and has been researched and produced by ARK Investment Management LLC unless otherwise stated. No part of this content may be reproduced in any form, or referred to in any other publication, without the express written permission of ARK Investment Management LLC. All statements made regarding companies, securities or other financial information on this site or any sites or articles relating to ARK Investment Management LLC are strictly beliefs and points of view held by ARK Investment Management and are subject to change without notice. Information contained herein has been obtained from sources believed to be reliable, but not guaranteed. This material has been distributed for informational purposes only and should not be considered as investment advice or a recommendation of any particular security, strategy or investment product.",,,,,,
