date,fund,company,ticker,cusip,shares,"market value($)",weight(%)
2/4/2021,ARKK,"TESLA INC",TSLA,88160R101,2835897.00,2410484091.03,9.48
2/4/2021,ARKK,"ROKU INC",ROKU,77543R102,3930303.00,1700563502.04,6.69
2/4/2021,ARKK,"TELADOC HEALTH INC",TDOC,87918A105,4676231.00,1294567790.04,5.09
2/4/2021,ARKK,"SQUARE INC - A",SQ,852234103,4958034.00,1178623842.48,4.64
2/4/2021,ARKK,"CRISPR THERAPEUTICS AG",CRSP,H17182108,6030285.00,1011821520.15,3.98
2/4/2021,ARKK,"INVITAE CORP",NVTA,46185L103,17340761.00,870332794.59,3.42
2/4/2021,ARKK,"SPOTIFY TECHNOLOGY SA",SPOT,L8681T102,2441692.00,768400472.40,3.02
2/4/2021,ARKK,"BAIDU INC - SPON ADR",BIDU,056752108,2826215.00,730378742.45,2.87
2/4/2021,ARKK,"ZILLOW GROUP INC - C",Z,98954M200,4884164.00,725786770.40,2.86
2/4/2021,ARKK,"PROTO LABS INC",PRLB,743713109,3088854.00,663949167.30,2.61
2/4/2021,ARKK,"TWIST BIOSCIENCE CORP",TWST,90184D100,3004547.00,593848714.55,2.34
2/4/2021,ARKK,"PURE STORAGE INC - CLASS A",PSTG,74624M102,22107524.00,594692395.60,2.34
2/4/2021,ARKK,"SHOPIFY INC - CLASS A",SHOP,82509L107,466219.00,587841550.53,2.31
2/4/2021,ARKK,"TENCENT HOLDINGS LTD-UNS ADR",TCEHY,88032Q109,6136222.00,585334216.58,2.30
2/4/2021,ARKK,"TWILIO INC - A",TWLO,90138F102,1378517.00,550703756.33,2.17
2/4/2021,ARKK,"PAYPAL HOLDINGS INC",PYPL,70450Y103,2041046.00,551960069.78,2.17
2/4/2021,ARKK,"ZOOM VIDEO COMMUNICATIONS-A",ZM,98980L101,1320789.00,515081294.22,2.03
2/4/2021,ARKK,"IOVANCE BIOTHERAPEUTICS INC",IOVA,462260100,10397537.00,506152101.16,1.99
2/4/2021,ARKK,"EXACT SCIENCES CORP",EXAS,30063P105,3505637.00,500604963.60,1.97
2/4/2021,ARKK,"DOCUSIGN INC",DOCU,256163106,1960122.00,482209613.22,1.90
2/4/2021,ARKK,"TAIWAN SEMICONDUCTOR-SP ADR",TSM,874039100,3387382.00,434093003.30,1.71
2/4/2021,ARKK,"INTELLIA THERAPEUTICS INC",NTLA,45826J105,6413936.00,434544164.00,1.71
2/4/2021,ARKK,"MATERIALISE NV-ADR",MTLS,57667T100,5967005.00,424850756.00,1.67
2/4/2021,ARKK,"EDITAS MEDICINE INC",EDIT,28106W103,6611519.00,417715770.42,1.64
2/4/2021,ARKK,"LENDINGTREE INC","TREE UW",52603B107,1216100.00,414009084.00,1.63
2/4/2021,ARKK,"PAGERDUTY INC",PD,69553P100,7502431.00,405431371.24,1.60
2/4/2021,ARKK,"VERACYTE INC",VCYT,92337F107,4809293.00,374499645.91,1.47
2/4/2021,ARKK,"2U INC",TWOU,90214J101,8001808.00,366402788.32,1.44
2/4/2021,ARKK,"KE HOLDINGS INC",BEKE,482497104,5604704.00,364193665.92,1.43
2/4/2021,ARKK,"INTERCONTINENTAL EXCHANGE IN",ICE,45866F104,3127276.00,358229465.80,1.41
2/4/2021,ARKK,"STRATASYS LTD",SSYS,M85548101,7002944.00,332779898.88,1.31
2/4/2021,ARKK,"SEA LTD-ADR",SE,81141R100,1299621.00,317055539.16,1.25
2/4/2021,ARKK,"NINTENDO CO LTD-UNSPONS ADR",NTDOY,654445303,4163722.00,304492989.86,1.20
2/4/2021,ARKK,"IRIDIUM COMMUNICATIONS INC",IRDM,46269C102,5692230.00,300891277.80,1.18
2/4/2021,ARKK,"UNITY SOFTWARE INC",U,91332U101,1880765.00,281757404.65,1.11
2/4/2021,ARKK,"10X GENOMICS INC-CLASS A",TXG,88025U109,1488121.00,270599922.64,1.06
2/4/2021,ARKK,"PACCAR INC",PCAR,693718108,2664108.00,258684886.80,1.02
2/4/2021,ARKK,"PACIFIC BIOSCIENCES OF CALIF",PACB,69404D108,7208976.00,252386249.76,0.99
2/4/2021,ARKK,"SYNOPSYS INC",SNPS,871607107,889362.00,240207782.58,0.95
2/4/2021,ARKK,"REGENERON PHARMACEUTICALS",REGN,75886F107,470238.00,234573523.92,0.92
2/4/2021,ARKK,"PINTEREST INC- CLASS A",PINS,72352L106,2978175.00,231821142.00,0.91
2/4/2021,ARKK,"SERES THERAPEUTICS INC",MCRB,81750R102,7984585.00,210313968.90,0.83
2/4/2021,ARKK,"NOVARTIS AG-SPONSORED ADR",NVS,66987V109,2162983.00,196031149.29,0.77
2/4/2021,ARKK,"HUYA INC-ADR",HUYA,44852D108,6833849.00,179866905.68,0.71
2/4/2021,ARKK,"SPLUNK INC",SPLK,848637104,882785.00,152068544.10,0.60
2/4/2021,ARKK,"CERUS CORP",CERS,157085101,18936575.00,142024312.50,0.56
2/4/2021,ARKK,"TERADYNE INC",TER,880770102,1025351.00,128702057.52,0.51
2/4/2021,ARKK,"NANOSTRING TECHNOLOGIES INC",NSTG,63009R109,1713596.00,125949306.00,0.50
2/4/2021,ARKK,"COMPUGEN LTD",CGEN,M25722105,9962980.00,124836139.40,0.49
2/4/2021,ARKK,"MORGAN STANLEY GOVT INSTL 8035",,X9USDMORS,125212839.68,125212839.68,0.49
2/4/2021,ARKK,"FATE THERAPEUTICS INC",FATE,31189P102,882104.00,90521512.48,0.36
2/4/2021,ARKK,"SYROS PHARMACEUTICALS INC",SYRS,87184Q107,5022895.00,58516726.75,0.23
2/4/2021,ARKK,"BEAM THERAPEUTICS INC",BEAM,07373V105,328396.00,34258270.72,0.13
2/4/2021,ARKK,"ORGANOVO HOLDINGS INC","ONVO ",68620A203,467501.00,6619814.16,0.03
,,,,,,,
,,,,,,,
"The principal risks of investing in ARK ETFs include equity, market, management and non-diversification risks, as well as fluctuations in market value and net asset value ('NAV'). Investors should carefully consider the investment objectives and risks as well as charges and expenses of an ETF before investing. This and other information are contained in each ETF's prospectus, which may be obtained by contacting the ETF's transfer agent The Bank of New York Mellon or by clicking here. Please read the prospectus carefully before you invest. The market price of ETF shares may differ significantly from their NAV during periods of market volatility. ETF shares may only be redeemed directly with the ETF at NAV by Authorized Participants, in very large creation units. Holdings are subject to change without notice and are not a recommendation to buy or sell any security. There can be no guarantee that an active trading market for ETF shares will develop or be maintained, or that their listing will continue or remain unchanged. Buying or selling ETF shares on an exchange may require the payment of brokerage commissions and frequent trading may incur brokerage costs that detract significantly from investment returns. Copyright 2021, ARK Investment Management LLC. All content is original and has been researched and produced by ARK Investment Management LLC unless otherwise stated. No part of this content may be reproduced in any form, or referred to in any other publication, without the express written permission of ARK Investment Management LLC. All statements made regarding companies, securities or other financial information on this site or any sites or articles relating to ARK Investment Management LLC are strictly beliefs and points of view held by ARK Investment Management and are subject to change without notice. Information contained herein has been obtained from sources believed to be reliable, but not guaranteed. This material has been distributed for informational purposes only and should not be considered as investment advice or a recommendation of any particular security, strategy or investment product.",,,,,,
