date,fund,company,ticker,cusip,shares,"market value($)",weight(%)
1/21/2021,ARKK,"TESLA INC",TSLA,88160R101,2576672.00,2177262073.28,9.12
1/21/2021,ARKK,"ROKU INC",ROKU,77543R102,4252210.00,1801406244.40,7.54
1/21/2021,ARKK,"CRISPR THERAPEUTICS AG",CRSP,H17182108,6070635.00,1123674538.50,4.71
1/21/2021,ARKK,"TELADOC HEALTH INC",TDOC,87918A105,4474063.00,1098382466.50,4.60
1/21/2021,ARKK,"SQUARE INC - A",SQ,852234103,4940650.00,1085065553.00,4.54
1/21/2021,ARKK,"INVITAE CORP",NVTA,46185L103,17456809.00,927480262.17,3.88
1/21/2021,ARKK,"ZILLOW GROUP INC - C",Z,98954M200,4851052.00,707865507.84,2.96
1/21/2021,ARKK,"SPOTIFY TECHNOLOGY SA",SPOT,L8681T102,1964700.00,684305010.00,2.87
1/21/2021,ARKK,"BAIDU INC - SPON ADR",BIDU,056752108,2703967.00,681156326.97,2.85
1/21/2021,ARKK,"PROTO LABS INC",PRLB,743713109,3157475.00,600267572.25,2.51
1/21/2021,ARKK,"TWIST BIOSCIENCE CORP",TWST,90184D100,2874603.00,559196521.59,2.34
1/21/2021,ARKK,"SHOPIFY INC - CLASS A",SHOP,82509L107,446091.00,534483931.65,2.24
1/21/2021,ARKK,"TENCENT HOLDINGS LTD-UNS ADR",TCEHY,88032Q109,5870858.00,519218681.52,2.17
1/21/2021,ARKK,"PURE STORAGE INC - CLASS A",PSTG,74624M102,22255488.00,516549876.48,2.16
1/21/2021,ARKK,"TWILIO INC - A",TWLO,90138F102,1318873.00,513041597.00,2.15
1/21/2021,ARKK,"PAYPAL HOLDINGS INC",PYPL,70450Y103,2058794.00,511898540.16,2.14
1/21/2021,ARKK,"EXACT SCIENCES CORP",EXAS,30063P105,3354066.00,496636552.62,2.08
1/21/2021,ARKK,"ZOOM VIDEO COMMUNICATIONS-A",ZM,98980L101,1263661.00,483742067.41,2.03
1/21/2021,ARKK,"IOVANCE BIOTHERAPEUTICS INC",IOVA,462260100,9947891.00,474017006.15,1.99
1/21/2021,ARKK,"DOCUSIGN INC",DOCU,256163106,1875304.00,476214697.76,1.99
1/21/2021,ARKK,"INTELLIA THERAPEUTICS INC",NTLA,45826J105,6456860.00,468703467.40,1.96
1/21/2021,ARKK,"EDITAS MEDICINE INC",EDIT,28106W103,6655763.00,424571121.77,1.78
1/21/2021,ARKK,"TAIWAN SEMICONDUCTOR-SP ADR",TSM,874039100,3145525.00,422003634.00,1.77
1/21/2021,ARKK,"MATERIALISE NV-ADR",MTLS,57667T100,6006937.00,420485590.00,1.76
1/21/2021,ARKK,"LENDINGTREE INC","TREE UW",52603B107,1224240.00,384668450.40,1.61
1/21/2021,ARKK,"KE HOLDINGS INC",BEKE,482497104,5002979.00,367218658.60,1.54
1/21/2021,ARKK,"PAGERDUTY INC",PD,69553P100,7552637.00,365321051.69,1.53
1/21/2021,ARKK,"2U INC",TWOU,90214J101,8055366.00,359349877.26,1.51
1/21/2021,ARKK,"INTERCONTINENTAL EXCHANGE IN",ICE,45866F104,2992004.00,337857091.68,1.41
1/21/2021,ARKK,"MORGAN STANLEY GOVT INSTL 8035",,X9USDMORS,302978244.55,302978244.55,1.27
1/21/2021,ARKK,"SEA LTD-ADR",SE,81141R100,1243381.00,290901418.76,1.22
1/21/2021,ARKK,"NINTENDO CO LTD-UNSPONS ADR",NTDOY,654445303,3538771.00,269618962.49,1.13
1/21/2021,ARKK,"UNITY SOFTWARE INC",U,91332U101,1799399.00,264439677.04,1.11
1/21/2021,ARKK,"IRIDIUM COMMUNICATIONS INC",IRDM,46269C102,5446089.00,263100559.59,1.10
1/21/2021,ARKK,"PACIFIC BIOSCIENCES OF CALIF",PACB,69404D108,7257224.00,263509803.44,1.10
1/21/2021,ARKK,"VERACYTE INC",VCYT,92337F107,4841473.00,261294297.81,1.09
1/21/2021,ARKK,"10X GENOMICS INC-CLASS A",TXG,88025U109,1387026.00,257334933.78,1.08
1/21/2021,ARKK,"STRATASYS LTD",SSYS,M85548101,7049806.00,254075008.24,1.06
1/21/2021,ARKK,"REGENERON PHARMACEUTICALS",REGN,75886F107,469845.00,251592600.60,1.05
1/21/2021,ARKK,"SYNOPSYS INC",SNPS,871607107,850882.00,232180171.34,0.97
1/21/2021,ARKK,"PINTEREST INC- CLASS A",PINS,72352L106,3127190.00,229911008.80,0.96
1/21/2021,ARKK,"SPLUNK INC",SPLK,848637104,1214324.00,208657292.92,0.87
1/21/2021,ARKK,"SERES THERAPEUTICS INC",MCRB,81750R102,8038025.00,194279064.25,0.81
1/21/2021,ARKK,"HUYA INC-ADR",HUYA,44852D108,6879589.00,163115055.19,0.68
1/21/2021,ARKK,"CERUS CORP",CERS,157085101,19063301.00,137827666.23,0.58
1/21/2021,ARKK,"COMPUGEN LTD",CGEN,M25722105,10140626.00,128177512.64,0.54
1/21/2021,ARKK,"NANOSTRING TECHNOLOGIES INC",NSTG,63009R109,1639448.00,125155460.32,0.52
1/21/2021,ARKK,"NOVARTIS AG-SPONSORED ADR",NVS,66987V109,1230780.00,119237966.40,0.50
1/21/2021,ARKK,"SYROS PHARMACEUTICALS INC",SYRS,87184Q107,5056505.00,61891621.20,0.26
1/21/2021,ARKK,"PACCAR INC",PCAR,693718108,399823.00,39478523.02,0.17
1/21/2021,ARKK,"FATE THERAPEUTICS INC",FATE,31189P102,281648.00,28071856.16,0.12
1/21/2021,ARKK,"ORGANOVO HOLDINGS INC","ONVO ",68620A203,531196.00,8063555.28,0.03
,,,,,,,
,,,,,,,
"The principal risks of investing in ARK ETFs include equity, market, management and non-diversification risks, as well as fluctuations in market value and net asset value ('NAV'). Investors should carefully consider the investment objectives and risks as well as charges and expenses of an ETF before investing. This and other information are contained in each ETF's prospectus, which may be obtained by contacting the ETF's transfer agent The Bank of New York Mellon or by clicking here. Please read the prospectus carefully before you invest. The market price of ETF shares may differ significantly from their NAV during periods of market volatility. ETF shares may only be redeemed directly with the ETF at NAV by Authorized Participants, in very large creation units. Holdings are subject to change without notice and are not a recommendation to buy or sell any security. There can be no guarantee that an active trading market for ETF shares will develop or be maintained, or that their listing will continue or remain unchanged. Buying or selling ETF shares on an exchange may require the payment of brokerage commissions and frequent trading may incur brokerage costs that detract significantly from investment returns. Copyright 2021, ARK Investment Management LLC. All content is original and has been researched and produced by ARK Investment Management LLC unless otherwise stated. No part of this content may be reproduced in any form, or referred to in any other publication, without the express written permission of ARK Investment Management LLC. All statements made regarding companies, securities or other financial information on this site or any sites or articles relating to ARK Investment Management LLC are strictly beliefs and points of view held by ARK Investment Management and are subject to change without notice. Information contained herein has been obtained from sources believed to be reliable, but not guaranteed. This material has been distributed for informational purposes only and should not be considered as investment advice or a recommendation of any particular security, strategy or investment product.",,,,,,
