date,fund,company,ticker,cusip,shares,"market value($)",weight(%)
2/10/2021,ARKK,"TESLA INC",TSLA,88160R101,2954400.00,2377760208.00,8.75
2/10/2021,ARKK,"ROKU INC",ROKU,77543R102,4032902.00,1894213740.38,6.97
2/10/2021,ARKK,"TELADOC HEALTH INC",TDOC,87918A105,4871569.00,1414849784.67,5.21
2/10/2021,ARKK,"SQUARE INC - A",SQ,852234103,5165163.00,1329977820.87,4.89
2/10/2021,ARKK,"CRISPR THERAPEUTICS AG",CRSP,H17182108,6021490.00,964642698.00,3.55
2/10/2021,ARKK,"INVITAE CORP",NVTA,46185L103,17315474.00,899365719.56,3.31
2/10/2021,ARKK,"BAIDU INC - SPON ADR",BIDU,056752108,2944285.00,895209854.25,3.29
2/10/2021,ARKK,"SPOTIFY TECHNOLOGY SA",SPOT,L8681T102,2543647.00,853927734.37,3.14
2/10/2021,ARKK,"ZILLOW GROUP INC - C",Z,98954M200,5088226.00,838030822.20,3.08
2/10/2021,ARKK,"SHOPIFY INC - CLASS A",SHOP,82509L107,485667.00,710249134.14,2.61
2/10/2021,ARKK,"PROTO LABS INC",PRLB,743713109,3084347.00,644320088.30,2.37
2/10/2021,ARKK,"TENCENT HOLDINGS LTD-UNS ADR",TCEHY,88032Q109,6392573.00,624874010.75,2.30
2/10/2021,ARKK,"TWILIO INC - A",TWLO,90138F102,1436146.00,622282061.80,2.29
2/10/2021,ARKK,"PAYPAL HOLDINGS INC",PYPL,70450Y103,2126274.00,602118271.32,2.22
2/10/2021,ARKK,"ZOOM VIDEO COMMUNICATIONS-A",ZM,98980L101,1375987.00,593050397.00,2.18
2/10/2021,ARKK,"PURE STORAGE INC - CLASS A",PSTG,74624M102,21147866.00,585795888.20,2.16
2/10/2021,ARKK,"EXACT SCIENCES CORP",EXAS,30063P105,3652097.00,533498329.76,1.96
2/10/2021,ARKK,"IOVANCE BIOTHERAPEUTICS INC",IOVA,462260100,10831964.00,525891852.20,1.93
2/10/2021,ARKK,"TWIST BIOSCIENCE CORP",TWST,90184D100,3130101.00,522100846.80,1.92
2/10/2021,ARKK,"DOCUSIGN INC",DOCU,256163106,2042061.00,521236070.25,1.92
2/10/2021,ARKK,"TAIWAN SEMICONDUCTOR-SP ADR",TSM,874039100,3528953.00,471785726.57,1.74
2/10/2021,ARKK,"UNITY SOFTWARE INC",U,91332U101,3578810.00,456835096.50,1.68
2/10/2021,ARKK,"INTELLIA THERAPEUTICS INC",NTLA,45826J105,6404582.00,448897152.38,1.65
2/10/2021,ARKK,"MATERIALISE NV-ADR",MTLS,57667T100,5827948.00,436979541.04,1.61
2/10/2021,ARKK,"LENDINGTREE INC","TREE UW",52603B107,1214328.00,419902479.12,1.54
2/10/2021,ARKK,"PAGERDUTY INC",PD,69553P100,7491490.00,414579056.60,1.53
2/10/2021,ARKK,"KE HOLDINGS INC",BEKE,482497104,5838860.00,402589397.00,1.48
2/10/2021,ARKK,"EDITAS MEDICINE INC",EDIT,28106W103,6601876.00,390236890.36,1.44
2/10/2021,ARKK,"2U INC",TWOU,90214J101,7990138.00,384805046.08,1.42
2/10/2021,ARKK,"SEA LTD-ADR",SE,81141R100,1353961.00,366882812.17,1.35
2/10/2021,ARKK,"VERACYTE INC",VCYT,92337F107,4802280.00,367086283.20,1.35
2/10/2021,ARKK,"INTERCONTINENTAL EXCHANGE IN",ICE,45866F104,3257979.00,363785935.14,1.34
2/10/2021,ARKK,"STRATASYS LTD",SSYS,M85548101,6942840.00,351515989.20,1.29
2/10/2021,ARKK,"NINTENDO CO LTD-UNSPONS ADR",NTDOY,654445303,4347805.00,334346204.50,1.23
2/10/2021,ARKK,"PACIFIC BIOSCIENCES OF CALIF",PACB,69404D108,7198463.00,330409451.70,1.22
2/10/2021,ARKK,"10X GENOMICS INC-CLASS A",TXG,88025U109,1550326.00,287244401.28,1.06
2/10/2021,ARKK,"IRIDIUM COMMUNICATIONS INC",IRDM,46269C102,5930069.00,281678277.50,1.04
2/10/2021,ARKK,"REGENERON PHARMACEUTICALS",REGN,75886F107,573378.00,281654741.16,1.04
2/10/2021,ARKK,"PACCAR INC",PCAR,693718108,2775431.00,276432927.60,1.02
2/10/2021,ARKK,"SYNOPSYS INC",SNPS,871607107,926542.00,256531683.54,0.94
2/10/2021,ARKK,"NOVARTIS AG-SPONSORED ADR",NVS,66987V109,2651895.00,242568835.65,0.89
2/10/2021,ARKK,"SERES THERAPEUTICS INC",MCRB,81750R102,7972940.00,205622122.60,0.76
2/10/2021,ARKK,"HUYA INC-ADR",HUYA,44852D108,6823881.00,189840369.42,0.70
2/10/2021,ARKK,"CERUS CORP",CERS,157085101,18908953.00,145220759.04,0.53
2/10/2021,ARKK,"MORGAN STANLEY GOVT INSTL 8035",,X9USDMORS,142077241.09,142077241.09,0.52
2/10/2021,ARKK,"SNAP INC - A",SNAP,83304A106,2263151.00,141673252.60,0.52
2/10/2021,ARKK,"TERADYNE INC",TER,880770102,1068252.00,137494714.92,0.51
2/10/2021,ARKK,"NANOSTRING TECHNOLOGIES INC",NSTG,63009R109,1785239.00,137481255.39,0.51
2/10/2021,ARKK,"COMPUGEN LTD",CGEN,M25722105,9948450.00,130623148.50,0.48
2/10/2021,ARKK,"PINTEREST INC- CLASS A",PINS,72352L106,1579601.00,128137233.12,0.47
2/10/2021,ARKK,"SPLUNK INC",SPLK,848637104,609642.00,102432048.84,0.38
2/10/2021,ARKK,"FATE THERAPEUTICS INC",FATE,31189P102,930978.00,96179337.18,0.35
2/10/2021,ARKK,"SYROS PHARMACEUTICALS INC",SYRS,87184Q107,5015568.00,62393665.92,0.23
2/10/2021,ARKK,"BEAM THERAPEUTICS INC",BEAM,07373V105,342124.00,37140981.44,0.14
2/10/2021,ARKK,"ORGANOVO HOLDINGS INC","ONVO ",68620A203,215276.00,3946009.08,0.01
,,,,,,,
,,,,,,,
"The principal risks of investing in ARK ETFs include equity, market, management and non-diversification risks, as well as fluctuations in market value and net asset value ('NAV'). Investors should carefully consider the investment objectives and risks as well as charges and expenses of an ETF before investing. This and other information are contained in each ETF's prospectus, which may be obtained by contacting the ETF's transfer agent The Bank of New York Mellon or by clicking here. Please read the prospectus carefully before you invest. The market price of ETF shares may differ significantly from their NAV during periods of market volatility. ETF shares may only be redeemed directly with the ETF at NAV by Authorized Participants, in very large creation units. Holdings are subject to change without notice and are not a recommendation to buy or sell any security. There can be no guarantee that an active trading market for ETF shares will develop or be maintained, or that their listing will continue or remain unchanged. Buying or selling ETF shares on an exchange may require the payment of brokerage commissions and frequent trading may incur brokerage costs that detract significantly from investment returns. Copyright 2021, ARK Investment Management LLC. All content is original and has been researched and produced by ARK Investment Management LLC unless otherwise stated. No part of this content may be reproduced in any form, or referred to in any other publication, without the express written permission of ARK Investment Management LLC. All statements made regarding companies, securities or other financial information on this site or any sites or articles relating to ARK Investment Management LLC are strictly beliefs and points of view held by ARK Investment Management and are subject to change without notice. Information contained herein has been obtained from sources believed to be reliable, but not guaranteed. This material has been distributed for informational purposes only and should not be considered as investment advice or a recommendation of any particular security, strategy or investment product.",,,,,,
