date,fund,company,ticker,cusip,shares,"market value($)",weight(%)
1/14/2021,ARKK,"TESLA INC",TSLA,88160R101,2596064.00,2193674080.00,9.68
1/14/2021,ARKK,"ROKU INC",ROKU,77543R102,4062702.00,1700078278.92,7.50
1/14/2021,ARKK,"CRISPR THERAPEUTICS AG",CRSP,H17182108,6327406.00,1329008356.24,5.86
1/14/2021,ARKK,"SQUARE INC - A",SQ,852234103,4720336.00,1098847017.44,4.85
1/14/2021,ARKK,"TELADOC HEALTH INC",TDOC,87918A105,4274627.00,964099373.58,4.25
1/14/2021,ARKK,"INVITAE CORP",NVTA,46185L103,17456809.00,932891872.96,4.12
1/14/2021,ARKK,"ZILLOW GROUP INC - C",Z,98954M200,4634766.00,666015874.20,2.94
1/14/2021,ARKK,"BAIDU INC - SPON ADR",BIDU,056752108,2583371.00,643259379.00,2.84
1/14/2021,ARKK,"SPOTIFY TECHNOLOGY SA",SPOT,L8681T102,1697367.00,580957803.09,2.56
1/14/2021,ARKK,"PROTO LABS INC",PRLB,743713109,3157475.00,552621274.50,2.44
1/14/2021,ARKK,"INTELLIA THERAPEUTICS INC",NTLA,45826J105,6456860.00,537856438.00,2.37
1/14/2021,ARKK,"TWIST BIOSCIENCE CORP",TWST,90184D100,2746415.00,520253393.45,2.30
1/14/2021,ARKK,"PURE STORAGE INC - CLASS A",PSTG,74624M102,22255488.00,519665644.80,2.29
1/14/2021,ARKK,"EDITAS MEDICINE INC",EDIT,28106W103,6655763.00,505305526.96,2.23
1/14/2021,ARKK,"IOVANCE BIOTHERAPEUTICS INC",IOVA,462260100,9504343.00,494510966.29,2.18
1/14/2021,ARKK,"TWILIO INC - A",TWLO,90138F102,1260035.00,485239478.50,2.14
1/14/2021,ARKK,"EXACT SCIENCES CORP",EXAS,30063P105,3204562.00,471999936.98,2.08
1/14/2021,ARKK,"ZOOM VIDEO COMMUNICATIONS-A",ZM,98980L101,1207305.00,462687568.20,2.04
1/14/2021,ARKK,"MATERIALISE NV-ADR",MTLS,57667T100,6006937.00,441209522.65,1.95
1/14/2021,ARKK,"SHOPIFY INC - CLASS A",SHOP,82509L107,359346.00,423618625.56,1.87
1/14/2021,ARKK,"DOCUSIGN INC",DOCU,256163106,1660866.00,415631716.50,1.83
1/14/2021,ARKK,"PAYPAL HOLDINGS INC",PYPL,70450Y103,1679531.00,406547273.86,1.79
1/14/2021,ARKK,"LENDINGTREE INC","TREE UW",52603B107,1224240.00,383738028.00,1.69
1/14/2021,ARKK,"TAIWAN SEMICONDUCTOR-SP ADR",TSM,874039100,3005241.00,380012724.45,1.68
1/14/2021,ARKK,"2U INC",TWOU,90214J101,8055366.00,355080533.28,1.57
1/14/2021,ARKK,"PAGERDUTY INC",PD,69553P100,7552637.00,355124991.74,1.57
1/14/2021,ARKK,"TENCENT HOLDINGS LTD-UNS ADR",TCEHY,88032Q109,4299119.00,347368815.20,1.53
1/14/2021,ARKK,"INTERCONTINENTAL EXCHANGE IN",ICE,45866F104,2858560.00,330506707.20,1.46
1/14/2021,ARKK,"KE HOLDINGS INC",BEKE,482497104,4779891.00,298934383.14,1.32
1/14/2021,ARKK,"PACIFIC BIOSCIENCES OF CALIF",PACB,69404D108,7257224.00,273742489.28,1.21
1/14/2021,ARKK,"SEA LTD-ADR",SE,81141R100,1187901.00,272813343.66,1.20
1/14/2021,ARKK,"NINTENDO CO LTD-UNSPONS ADR",NTDOY,654445303,3347251.00,265135751.71,1.17
1/14/2021,ARKK,"UNITY SOFTWARE INC",U,91332U101,1719148.00,258577050.68,1.14
1/14/2021,ARKK,"VERACYTE INC",VCYT,92337F107,4841473.00,254564650.34,1.12
1/14/2021,ARKK,"IRIDIUM COMMUNICATIONS INC",IRDM,46269C102,5203269.00,244137381.48,1.08
1/14/2021,ARKK,"MORGAN STANLEY GOVT INSTL 8035",,X9USDMORS,245207418.77,245207418.77,1.08
1/14/2021,ARKK,"STRATASYS LTD",SSYS,M85548101,7049806.00,231022142.62,1.02
1/14/2021,ARKK,"SERES THERAPEUTICS INC",MCRB,81750R102,8118442.00,216843585.82,0.96
1/14/2021,ARKK,"SPLUNK INC",SPLK,848637104,1160158.00,198329010.10,0.87
1/14/2021,ARKK,"SYNOPSYS INC",SNPS,871607107,723065.00,186485694.15,0.82
1/14/2021,ARKK,"10X GENOMICS INC-CLASS A",TXG,88025U109,994562.00,178911758.18,0.79
1/14/2021,ARKK,"PINTEREST INC- CLASS A",PINS,72352L106,2449561.00,173820848.56,0.77
1/14/2021,ARKK,"HUYA INC-ADR",HUYA,44852D108,6879589.00,154102793.60,0.68
1/14/2021,ARKK,"CERUS CORP",CERS,157085101,19063301.00,143927922.55,0.63
1/14/2021,ARKK,"COMPUGEN LTD",CGEN,M25722105,10344668.00,139756464.68,0.62
1/14/2021,ARKK,"NANOSTRING TECHNOLOGIES INC",NSTG,63009R109,1880890.00,136985218.70,0.60
1/14/2021,ARKK,"NOVARTIS AG-SPONSORED ADR",NVS,66987V109,1175884.00,111262144.08,0.49
1/14/2021,ARKK,"REGENERON PHARMACEUTICALS",REGN,75886F107,145197.00,75198978.27,0.33
1/14/2021,ARKK,"SYROS PHARMACEUTICALS INC",SYRS,87184Q107,5056505.00,69931464.15,0.31
1/14/2021,ARKK,"FATE THERAPEUTICS INC",FATE,31189P102,269092.00,31591400.80,0.14
1/14/2021,ARKK,"ORGANOVO HOLDINGS INC","ONVO ",68620A203,664698.00,9784354.56,0.04
,,,,,,,
,,,,,,,
"The principal risks of investing in ARK ETFs include equity, market, management and non-diversification risks, as well as fluctuations in market value and net asset value ('NAV'). Investors should carefully consider the investment objectives and risks as well as charges and expenses of an ETF before investing. This and other information are contained in each ETF's prospectus, which may be obtained by contacting the ETF's transfer agent The Bank of New York Mellon or by clicking here. Please read the prospectus carefully before you invest. The market price of ETF shares may differ significantly from their NAV during periods of market volatility. ETF shares may only be redeemed directly with the ETF at NAV by Authorized Participants, in very large creation units. Holdings are subject to change without notice and are not a recommendation to buy or sell any security. There can be no guarantee that an active trading market for ETF shares will develop or be maintained, or that their listing will continue or remain unchanged. Buying or selling ETF shares on an exchange may require the payment of brokerage commissions and frequent trading may incur brokerage costs that detract significantly from investment returns. Copyright 2021, ARK Investment Management LLC. All content is original and has been researched and produced by ARK Investment Management LLC unless otherwise stated. No part of this content may be reproduced in any form, or referred to in any other publication, without the express written permission of ARK Investment Management LLC. All statements made regarding companies, securities or other financial information on this site or any sites or articles relating to ARK Investment Management LLC are strictly beliefs and points of view held by ARK Investment Management and are subject to change without notice. Information contained herein has been obtained from sources believed to be reliable, but not guaranteed. This material has been distributed for informational purposes only and should not be considered as investment advice or a recommendation of any particular security, strategy or investment product.",,,,,,
