date,fund,company,ticker,cusip,shares,"market value($)",weight(%)
2/9/2021,ARKF,"SQUARE INC - A",SQ,852234103,1330790.00,343503514.80,9.40
2/9/2021,ARKF,"ZILLOW GROUP INC - C",Z,98954M200,1019515.00,172012570.80,4.71
2/9/2021,ARKF,"PAYPAL HOLDINGS INC",PYPL,70450Y103,601074.00,170825230.80,4.68
2/9/2021,ARKF,"TENCENT HOLDINGS LTD-UNS ADR",TCEHY,88032Q109,1643444.00,160712388.76,4.40
2/9/2021,ARKF,"SILVERGATE CAPITAL CORP-CL A",SI,82837P408,950209.00,152090452.54,4.16
2/9/2021,ARKF,"SEA LTD-ADR",SE,81141R100,477124.00,131046877.84,3.59
2/9/2021,ARKF,"PINTEREST INC- CLASS A",PINS,72352L106,1621828.00,128789361.48,3.53
2/9/2021,ARKF,"INTERCONTINENTAL EXCHANGE IN",ICE,45866F104,1126696.00,127609588.96,3.49
2/9/2021,ARKF,"SHOPIFY INC - CLASS A",SHOP,82509L107,87813.00,125835150.87,3.44
2/9/2021,ARKF,"MERCADOLIBRE INC",MELI,58733R102,65873.00,123709494.00,3.39
2/9/2021,ARKF,"ADYEN NV",ADYEN,BZ1HM42,48626.00,112032107.55,3.07
2/9/2021,ARKF,"MEITUAN-CLASS B",3690,BGJW376,1959486.00,103388948.60,2.83
2/9/2021,ARKF,"ALIBABA GROUP HOLDING-SP ADR",BABA,01609W102,382476.00,101926029.24,2.79
2/9/2021,ARKF,"YEAHKA LTD",9923,BL58D39,7865600.00,92845657.67,2.54
2/9/2021,ARKF,"TWILIO INC - A",TWLO,90138F102,226838.00,92225525.66,2.52
2/9/2021,ARKF,"SNAP INC - A",SNAP,83304A106,1449856.00,91050956.80,2.49
2/9/2021,ARKF,"AMAZON.COM INC",AMZN,023135106,24446.00,80794030.00,2.21
2/9/2021,ARKF,"ZHONGAN ONLINE P&C INSURAN-H",6060,BYZQ099,11893845.00,79710672.35,2.18
2/9/2021,ARKF,"DOCUSIGN INC",DOCU,256163106,307384.00,78634974.88,2.15
2/9/2021,ARKF,"OPENDOOR TECHNOLOGIES INC",OPEN,683712103,2509156.00,78034751.60,2.14
2/9/2021,ARKF,"Z HOLDINGS CORP",4689,6084848,11083330.00,71270798.95,1.95
2/9/2021,ARKF,"APPLE INC",AAPL,037833100,518626.00,70538322.26,1.93
2/9/2021,ARKF,"WORKDAY INC-CLASS A",WDAY,98138H101,251145.00,69157798.65,1.89
2/9/2021,ARKF,"FACEBOOK INC-CLASS A",FB,30303M102,223614.00,60252792.30,1.65
2/9/2021,ARKF,"LENDINGTREE INC","TREE UW",52603B107,172402.00,60080372.98,1.64
2/9/2021,ARKF,"SPLUNK INC",SPLK,848637104,336891.00,58208026.98,1.59
2/9/2021,ARKF,"TELADOC HEALTH INC",TDOC,87918A105,187725.00,54158662.50,1.48
2/9/2021,ARKF,"INTUIT INC",INTU,461202103,134833.00,52793861.15,1.45
2/9/2021,ARKF,"JD.COM INC-ADR",JD,47215P106,517600.00,50243432.00,1.38
2/9/2021,ARKF,"TCS GROUP HOLDING-GDR REG S","TCS LI",87238U203,1033846.00,48590762.00,1.33
2/9/2021,ARKF,"KE HOLDINGS INC",BEKE,482497104,652014.00,43176367.08,1.18
2/9/2021,ARKF,"BASE INC",4477,BKRQ8Q2,346300.00,42192530.96,1.15
2/9/2021,ARKF,"GUIDEWIRE SOFTWARE INC",GWRE,40171V100,329075.00,41572044.75,1.14
2/9/2021,ARKF,"SCHWAB (CHARLES) CORP",SCHW,808513105,733837.00,41293007.99,1.13
2/9/2021,ARKF,"TAIWAN SEMICONDUCTOR-SP ADR",TSM,874039100,303595.00,40280984.60,1.10
2/9/2021,ARKF,"PINDUODUO INC-ADR",PDD,722304102,188150.00,35703344.00,0.98
2/9/2021,ARKF,"DISCOVERY LTD",DSY,6177878,3498403.00,34572592.87,0.95
2/9/2021,ARKF,"NVIDIA CORP",NVDA,67066G104,60850.00,34716750.50,0.95
2/9/2021,ARKF,"HDFC BANK LTD-ADR",HDB,40415F101,420026.00,34219518.22,0.94
2/9/2021,ARKF,"LIGHTSPEED POS INC-SUB VOTE",LSPD,BGHVW01,425496.00,31029518.56,0.85
2/9/2021,ARKF,"LENDINGCLUB CORP",LC,52603A208,1879598.00,25073837.32,0.69
2/9/2021,ARKF,"VERISK ANALYTICS INC",VRSK,92345Y106,116936.00,22277477.36,0.61
2/9/2021,ARKF,"BILL.COM HOLDINGS INC",BILL,090043100,107259.00,18636251.25,0.51
2/9/2021,ARKF,"DRAFTKINGS INC - CL A",DKNG,26142R104,284036.00,17647156.68,0.48
2/9/2021,ARKF,"MARKETAXESS HOLDINGS INC",MKTX,57060D108,25476.00,14209493.76,0.39
2/9/2021,ARKF,"CANADIAN DOLLAR",,CAD,10513353.81,8276927.89,0.23
2/9/2021,ARKF,"JSC KASPI.KZ GDR-REG S",KSPI,BMXZ8G7,63219.00,4412686.20,0.12
2/9/2021,ARKF,"MORGAN STANLEY GOVT INSTL 8035",,X9USDMORS,1277309.79,1277309.79,0.03
,,,,,,,
,,,,,,,
"The principal risks of investing in ARK ETFs include equity, market, management and non-diversification risks, as well as fluctuations in market value and net asset value ('NAV'). Investors should carefully consider the investment objectives and risks as well as charges and expenses of an ETF before investing. This and other information are contained in each ETF's prospectus, which may be obtained by contacting the ETF's transfer agent The Bank of New York Mellon or by clicking here. Please read the prospectus carefully before you invest. The market price of ETF shares may differ significantly from their NAV during periods of market volatility. ETF shares may only be redeemed directly with the ETF at NAV by Authorized Participants, in very large creation units. Holdings are subject to change without notice and are not a recommendation to buy or sell any security. There can be no guarantee that an active trading market for ETF shares will develop or be maintained, or that their listing will continue or remain unchanged. Buying or selling ETF shares on an exchange may require the payment of brokerage commissions and frequent trading may incur brokerage costs that detract significantly from investment returns. Copyright 2021, ARK Investment Management LLC. All content is original and has been researched and produced by ARK Investment Management LLC unless otherwise stated. No part of this content may be reproduced in any form, or referred to in any other publication, without the express written permission of ARK Investment Management LLC. All statements made regarding companies, securities or other financial information on this site or any sites or articles relating to ARK Investment Management LLC are strictly beliefs and points of view held by ARK Investment Management and are subject to change without notice. Information contained herein has been obtained from sources believed to be reliable, but not guaranteed. This material has been distributed for informational purposes only and should not be considered as investment advice or a recommendation of any particular security, strategy or investment product.",,,,,,
